window,dso,direction,trafo,n_inner_flat_1mvar,never_flat_1mvar,headroom_end_mvar,residual_mvar,steady_state_offset_mvar,z_slack_max,v_violation,tap_moves,step_mvar,band_width_mvar,n_inner_tracking,tracking_censored,capability_limited,voltage_constrained
d_quiet_spring,DSO_2,up,DSO_2|trafo_3,1,False,18.44866097257972,19.46449985569977,19.46449985569977,1.0,False,0,40.69330062527367,92.25135305713552,46,True,True,True
d_quiet_spring,DSO_1,down,DSO_1|trafo_0,1,False,30.6389358646995,26.686462955795022,26.686462955795022,1.0,False,0,-50.59713221214993,102.68941917163104,46,True,False,True
d_quiet_spring,DSO_2,down,DSO_2|trafo_3,1,False,24.25517911292001,22.23076350293574,22.23076350293574,1.0,False,0,-46.94548477900507,92.25135305713552,46,True,False,True
d_quiet_spring,DSO_1,up,DSO_1|trafo_0,1,False,24.688584435299624,24.039511113768057,24.039511113768057,0.0,False,0,46.95781600089956,102.68941917163104,46,True,False,False
d_quiet_spring,DSO_1,up,DSO_1|trafo_2,22,False,25.380028870732204,14.793153454448912,14.793153454448912,1.0,False,1,85.58679783770037,189.50794287667736,46,True,False,True
d_quiet_spring,DSO_2,up,DSO_2|trafo_5,46,True,14.470842676911005,6.541569510876059,6.541569510876059,1.0,False,2,82.08381959784664,192.7719409893948,46,True,False,True
d_quiet_spring,DSO_1,up,DSO_1|trafo_1,17,False,28.41433679804787,13.37770845942896,13.37770845942896,0.0,False,1,100.22309054282904,230.657170581468,46,True,False,False
d_quiet_spring,DSO_2,up,DSO_2|trafo_4,19,False,23.64125892869868,2.962607442225164,2.962607442225164,1.0,False,2,104.39367348479776,242.5598744469017,46,True,False,True
d_quiet_spring,DSO_3,down,DSO_3|trafo_6,1,False,38.95310891964569,34.56389779224742,34.56389779224742,1.0,False,0,-58.23216399802271,114.6809825748528,46,True,False,True
d_quiet_spring,DSO_3,up,DSO_3|trafo_6,1,False,30.54192372562101,29.947389408303696,29.947389408303696,0.0,False,0,50.714769448087445,114.6809825748528,46,True,False,False
d_quiet_spring,DSO_3,up,DSO_3|trafo_7,4,False,33.16803216895195,28.73765718709963,28.73765718709963,0.0,False,0,92.24002049316032,213.76806385152204,46,True,False,False
d_quiet_spring,DSO_3,up,DSO_3|trafo_8,9,False,29.774611717926064,28.549161562272477,28.549161562272477,0.0,False,0,85.3030121387407,193.09668316405867,46,True,False,False
d_quiet_spring,DSO_4,up,DSO_4|trafo_9,2,False,47.85508450516365,0.057316453383641,0.057316453383641,0.0,False,0,41.72073863013867,84.84456516574542,4,False,False,False
d_quiet_spring,DSO_4,up,DSO_4|trafo_10,15,False,117.723999283501,4.506623912823071,4.506623912823071,0.0,False,0,116.7336211476586,256.85576387450186,46,True,False,False
d_quiet_spring,DSO_4,up,DSO_4|trafo_11,6,False,85.03301179557342,0.3415723083161421,0.3415723083161421,0.0006008578475379,False,0,88.47686193876606,192.2719815730898,6,False,False,True
d_quiet_spring,DSO_3,down,DSO_3|trafo_8,9,False,40.31604830609085,35.009005760039145,35.009005760039145,1.0,False,0,-98.13883686711505,193.09668316405867,46,True,False,True
d_quiet_spring,DSO_2,down,DSO_2|trafo_5,15,False,31.24996326033171,22.73154396242107,22.73154396242107,1.0,True,2,-101.0495243420784,192.7719409893948,46,True,False,True
d_gen_trip_spring,DSO_1,up,DSO_1|trafo_0,1,False,24.957674246266123,22.628691205412288,22.628691205412288,0.0,False,0,44.33715474818767,102.81521461971148,46,True,False,False
d_quiet_spring,DSO_2,down,DSO_2|trafo_4,36,False,29.3151060174184,22.799427559347663,22.799427559347663,1.0,True,4,-126.0382072397588,242.5598744469017,46,True,False,True
d_quiet_spring,DSO_4,down,DSO_4|trafo_9,2,False,37.64667798358087,0.0263998196170796,0.0263998196170796,0.0,False,0,-38.88159827731948,84.84456516574542,4,False,False,False
d_quiet_spring,DSO_4,down,DSO_4|trafo_10,15,False,135.52106618179883,5.689420321634455,5.689420321634455,0.000539357365305,True,1,-127.27935453311818,256.85576387450186,46,True,False,True
d_gen_trip_spring,DSO_1,down,DSO_1|trafo_0,1,False,30.51226301931503,28.18697368847852,28.18697368847852,0.0,False,0,-53.33729914053823,102.81521461971148,46,True,False,False
d_quiet_spring,DSO_1,down,DSO_1|trafo_2,11,False,34.33949663521708,28.532489861426637,28.532489861426637,1.0,False,0,-94.44574789514311,189.50794287667736,46,True,False,True
d_quiet_spring,DSO_1,down,DSO_1|trafo_1,10,False,32.65176322742637,22.068201614831665,22.068201614831665,1.0,False,1,-118.90122150956556,230.657170581468,46,True,False,True
d_gen_trip_spring,DSO_1,up,DSO_1|trafo_2,10,False,26.93020422282548,20.335391537505103,20.335391537505103,0.0,False,0,80.84472503478553,189.5166869617502,46,True,False,False
d_quiet_spring,DSO_3,down,DSO_3|trafo_7,4,False,41.42234989822104,36.0996084693283,36.0996084693283,1.0,False,0,-110.8396401657856,213.76806385152204,46,True,False,True
d_quiet_spring,DSO_4,down,DSO_4|trafo_11,15,False,101.65116345531816,1.5681566442869666,1.5681566442869666,0.004833982642237,True,2,-94.18152055566922,192.2719815730898,46,True,False,True
d_gen_trip_spring,DSO_2,up,DSO_2|trafo_3,2,False,18.927636613841035,18.217622486063277,18.217622486063277,0.0,False,0,40.47074651371086,91.92897900950952,46,True,False,False
d_gen_trip_spring,DSO_2,down,DSO_2|trafo_3,1,False,23.69646548173001,23.14756069766245,23.14756069766245,0.0,False,0,-46.8617835453232,91.92897900950952,46,True,False,False
d_gen_trip_spring,DSO_2,down,DSO_2|trafo_4,40,False,27.865919309829792,18.72247909230427,18.72247909230427,0.007853609160986,True,5,-129.21413516168107,244.92659695551407,46,True,False,True
d_gen_trip_spring,DSO_2,up,DSO_2|trafo_4,19,False,26.0605047403629,2.6491698047522334,2.6491698047522334,1.0,False,2,103.4661319460573,244.92659695551407,46,True,False,True
d_gen_trip_spring,DSO_2,up,DSO_2|trafo_5,27,False,21.9408766673354,4.20292720813444,4.20292720813444,0.0,False,2,80.637088612276,192.02012854768725,46,True,False,False
d_gen_trip_spring,DSO_1,up,DSO_1|trafo_1,10,False,28.88095942062681,19.71695366230772,19.71695366230772,0.0,False,0,98.41957660054464,230.8888671393267,46,True,False,False
d_gen_trip_spring,DSO_2,down,DSO_2|trafo_5,21,False,30.260715001917177,21.955162143881708,21.955162143881708,0.0021763791129516,True,3,-101.78203350802688,192.02012854768725,46,True,False,True
d_gen_trip_spring,DSO_3,up,DSO_3|trafo_6,1,False,31.234720964313613,28.754843721811778,28.754843721811778,0.0,False,0,49.33060479686051,114.61664974363669,46,True,False,False
d_gen_trip_spring,DSO_3,down,DSO_3|trafo_6,1,False,38.33553029686408,35.76232766260659,35.76232766260659,0.0,False,0,-59.55521245959433,114.61664974363669,46,True,False,False
d_gen_trip_spring,DSO_3,up,DSO_3|trafo_7,5,False,34.08858795552723,26.791497461380946,26.791497461380946,0.0,False,0,91.03287479298218,213.50744145848145,46,True,False,False
d_gen_trip_spring,DSO_1,down,DSO_1|trafo_2,11,False,35.3926300434253,30.44864086634361,30.44864086634361,0.0,False,1,-99.19612757887715,189.5166869617502,46,True,False,False
d_gen_trip_spring,DSO_3,down,DSO_3|trafo_7,4,False,40.92923213878903,37.86014256231633,37.86014256231633,0.0,False,0,-111.79919459257516,213.50744145848145,46,True,False,False
d_gen_trip_spring,DSO_4,up,DSO_4|trafo_10,19,False,114.8224938876034,4.79773929207744,4.79773929207744,1.0,False,0,105.45324460553624,264.497777180363,46,True,False,True
d_gen_trip_spring,DSO_3,up,DSO_3|trafo_8,9,False,31.25369011289979,26.24003145001205,26.24003145001205,0.0,False,0,82.32154585178955,192.86088015681645,46,True,False,False
d_gen_trip_spring,DSO_1,down,DSO_1|trafo_1,22,False,34.42761333987859,22.824644106440573,22.824644106440573,0.003381750530654,True,2,-120.9248471818157,230.8888671393267,46,True,False,True
d_gen_trip_spring,DSO_4,down,DSO_4|trafo_10,9,False,139.75974413237554,5.755340027057006,5.755340027057006,0.0004647592266381,True,0,-145.81964371580864,264.497777180363,46,True,False,True
d_gen_trip_spring,DSO_3,down,DSO_3|trafo_8,9,False,38.99586162305523,37.07172766214067,37.07172766214067,0.0,False,0,-100.89629029718606,192.86088015681645,46,True,False,False
d_gen_trip_spring,DSO_4,up,DSO_4|trafo_9,46,True,31.195014508588805,0.5627979253161506,0.5627979253161506,1.0,False,0,35.14475699798237,85.51648379223732,4,False,False,True
d_gen_trip_summer,DSO_1,up,DSO_1|trafo_0,1,False,25.79105999366107,24.918833499387528,24.918833499387528,1.0,False,0,49.58237289280468,102.77253542816464,46,True,False,True
d_gen_trip_spring,DSO_4,up,DSO_4|trafo_11,6,False,86.10047272312107,0.244226450195633,0.244226450195633,0.0,False,0,79.01388693169154,197.0509064553765,8,False,False,False
d_gen_trip_summer,DSO_1,up,DSO_1|trafo_1,13,False,30.40214387252016,15.068358566765454,15.068358566765454,0.0,False,1,104.10299102890424,230.78620231254337,46,True,False,False
d_gen_trip_summer,DSO_1,up,DSO_1|trafo_2,14,False,27.05683707602745,16.009213802294852,16.009213802294852,0.0,False,1,89.38208410745052,189.68433706253836,46,True,False,False
d_gen_trip_summer,DSO_2,up,DSO_2|trafo_3,1,False,18.994187747321853,19.912403887114387,19.912403887114387,0.0,False,0,41.335540604850905,92.42738973624108,46,True,True,False
d_gen_trip_summer,DSO_2,up,DSO_2|trafo_4,15,False,24.318526273824503,3.424808382875227,3.424808382875227,1.0,False,2,107.35835642860783,243.0607443581851,46,True,False,True
d_gen_trip_summer,DSO_2,up,DSO_2|trafo_5,25,False,21.20168751639362,7.073903389031855,7.073903389031855,1.0,False,2,83.5214437555812,193.3973827512953,46,True,False,True
d_gen_trip_summer,DSO_1,down,DSO_1|trafo_0,1,False,29.535140647712183,25.90158357190082,25.90158357190082,0.0,False,0,-48.05153576395173,102.77253542816464,46,True,False,False
d_gen_trip_spring,DSO_4,down,DSO_4|trafo_9,4,False,54.3183264972421,0.0302333293795982,0.0302333293795982,0.0005459840843814,False,0,-46.095902604643086,85.51648379223732,4,False,False,True
d_gen_trip_summer,DSO_3,up,DSO_3|trafo_6,1,False,31.782518767570117,30.94363739244288,30.94363739244288,0.0,False,0,53.15885714426301,114.8098013344802,46,True,False,False
d_gen_trip_summer,DSO_2,down,DSO_2|trafo_3,1,False,23.73631921011192,21.969623266184435,21.969623266184435,0.0,False,0,-46.47047964457813,92.42738973624108,46,True,False,False
d_gen_trip_summer,DSO_3,up,DSO_3|trafo_7,3,False,35.14264126181119,30.44961072492667,30.44961072492667,0.0,False,0,94.96448319894937,214.00067462999823,46,True,False,False
d_gen_trip_summer,DSO_3,up,DSO_3|trafo_8,9,False,31.219974194344783,29.53926096073816,29.53926096073816,0.0,False,0,88.88680278311065,193.3028770969676,46,True,False,False
d_gen_trip_spring,DSO_4,down,DSO_4|trafo_11,21,False,104.13928111425795,3.3063269028551625,3.3063269028551625,0.0063463016988289,True,3,-108.18447420091614,197.0509064553765,46,True,False,True
d_gen_trip_summer,DSO_4,up,DSO_4|trafo_9,2,False,49.241778288123335,0.0616188401377133,0.0616188401377133,1.0,False,0,42.83197691632777,84.87884947370286,4,False,False,True
d_gen_trip_summer,DSO_4,up,DSO_4|trafo_10,15,False,121.14061214837066,4.505314595644314,4.505314595644314,1.0,False,0,119.69249235940993,256.7620404169843,46,True,False,True
d_gen_trip_summer,DSO_3,down,DSO_3|trafo_6,1,False,37.60496211419706,33.57047178994173,33.57047178994173,0.0,False,0,-55.91045412349318,114.8098013344802,46,True,False,False
d_gen_trip_summer,DSO_4,up,DSO_4|trafo_11,14,False,85.70656578363126,0.3134390038479555,0.3134390038479555,0.0004547614895202,False,0,91.90900336795627,191.33786379520217,16,False,False,True
d_gen_trip_winter,DSO_1,up,DSO_1|trafo_0,1,False,11.584423526454705,8.450118709922322,8.450118709922322,0.0,False,0,19.692554407833036,38.73353982168604,46,True,False,False
d_gen_trip_summer,DSO_2,down,DSO_2|trafo_4,30,False,29.44344403125692,17.702308677547393,17.702308677547393,1.0,True,4,-123.549350711668,243.0607443581851,46,True,False,True
d_gen_trip_summer,DSO_2,down,DSO_2|trafo_5,16,False,29.62280319409178,22.00735345607944,22.00735345607944,1.0,True,2,-100.20606985814932,193.3973827512953,46,True,False,True
d_gen_trip_summer,DSO_1,down,DSO_1|trafo_2,11,False,32.29475631768028,27.63121988438408,27.63121988438408,1.0,False,0,-90.81803610196089,189.68433706253836,46,True,False,True
d_gen_trip_summer,DSO_1,down,DSO_1|trafo_1,12,False,30.40307185806452,20.56568188998457,20.56568188998457,1.0,True,1,-115.14390116801198,230.78620231254337,46,True,False,True
d_gen_trip_winter,DSO_1,up,DSO_1|trafo_1,6,False,15.746703313101436,10.40077617471252,10.40077617471252,1.0,False,0,36.61291589711321,78.59128661371852,46,True,False,True
d_gen_trip_winter,DSO_1,down,DSO_1|trafo_0,0,False,11.909075711353694,8.945505112811947,8.945505112811947,0.0,False,0,-17.1043084227687,38.73353982168604,46,True,False,False
d_gen_trip_winter,DSO_1,up,DSO_1|trafo_2,8,False,14.180386399811196,8.364191822317503,8.364191822317503,0.0,False,0,35.32838597469573,74.70577829064496,46,True,False,False
d_gen_trip_summer,DSO_4,down,DSO_4|trafo_9,2,False,36.076177554796,0.0321911911608747,0.0321911911608747,0.0,False,0,-37.80293008368994,84.87884947370286,4,False,False,False
d_gen_trip_summer,DSO_3,down,DSO_3|trafo_8,9,False,38.60657193542835,34.27833605700471,34.27833605700471,1.0,False,0,-94.75093045900852,193.3028770969676,46,True,False,True
d_gen_trip_summer,DSO_4,down,DSO_4|trafo_10,15,False,129.2573405599512,5.638367052479061,5.638367052479061,0.000503553858718,True,1,-124.23144603672516,256.7620404169843,46,True,False,True
d_gen_trip_winter,DSO_2,up,DSO_2|trafo_3,1,False,8.745016034359402,6.457830169182835,6.457830169182835,0.0,False,0,18.15772816298364,34.88595759974571,46,True,False,False
d_gen_trip_summer,DSO_3,down,DSO_3|trafo_7,4,False,39.1948546003449,34.641001808930554,34.641001808930554,1.0,False,0,-108.33615769954896,214.00067462999823,46,True,False,True
d_gen_trip_winter,DSO_2,up,DSO_2|trafo_4,5,False,13.593457131694828,7.859666758789249,7.859666758789249,1.0,False,0,37.24167101317526,81.2065567556389,46,True,False,True
d_gen_trip_winter,DSO_1,down,DSO_1|trafo_1,6,False,14.846909157946785,10.71294444187015,10.71294444187015,0.0,False,0,-38.04880638591938,78.59128661371852,46,True,False,False
d_gen_trip_winter,DSO_2,up,DSO_2|trafo_5,6,False,11.728682280898258,5.925033117195046,5.925033117195046,0.0,False,0,34.963745062382685,75.27593599960286,46,True,False,False
d_gen_trip_winter,DSO_3,up,DSO_3|trafo_6,1,False,14.188380119374578,10.923273574834887,10.923273574834887,0.0,False,0,21.319932805781416,42.93428778430511,46,True,False,False
d_gen_trip_summer,DSO_4,down,DSO_4|trafo_11,8,False,95.37877712496532,0.3821286065289289,0.3821286065289289,1.0,True,1,-89.86196723748576,191.33786379520217,29,False,False,True
d_gen_trip_winter,DSO_3,up,DSO_3|trafo_7,2,False,17.642886294118142,12.598964709855414,12.598964709855414,0.0,False,0,34.30368663686865,74.70610487516346,46,True,False,False
d_gen_trip_winter,DSO_2,down,DSO_2|trafo_3,0,False,9.65404611088604,7.364534334641316,7.364534334641316,0.0,False,0,-14.983931556774776,34.88595759974571,46,True,False,False
d_gen_trip_winter,DSO_3,up,DSO_3|trafo_8,2,False,16.142812846708797,10.979364559620574,10.979364559620574,0.0,False,0,34.9426525497876,74.76598402281046,46,True,False,False
d_gen_trip_winter,DSO_1,down,DSO_1|trafo_2,8,False,14.206326103163605,9.950394696064208,9.950394696064208,0.0,False,0,-35.642103401416975,74.70577829064496,46,True,False,False
d_gen_trip_winter,DSO_4,up,DSO_4|trafo_9,0,False,24.706416124664543,4.113345483015316,4.113345483015316,1.0,False,0,15.822974594709748,32.50340060159613,46,True,False,True
d_gen_trip_winter,DSO_4,up,DSO_4|trafo_10,0,False,48.27153444814213,1.9202382108398053,1.9202382108398053,0.0,False,0,36.08893626646904,83.76842193108422,46,True,False,False
d_gen_trip_winter,DSO_4,up,DSO_4|trafo_11,2,False,22.420430664414774,0.4081301825015053,0.4081301825015053,1.0,False,0,34.07267756607,75.5350670324974,8,False,False,True
d_gen_trip_winter,DSO_2,down,DSO_2|trafo_4,6,False,13.192150541390582,9.20462610474872,9.20462610474872,0.0,False,0,-39.9045579046817,81.2065567556389,46,True,False,False
d_gen_trip_winter,DSO_3,down,DSO_3|trafo_6,0,False,14.860016187604607,11.743705037524066,11.743705037524066,0.0,False,0,-19.46764058930844,42.93428778430511,46,True,False,False
d_ramp_up_autumn,DSO_1,up,DSO_1|trafo_0,0,False,13.31915382098582,14.071333432517454,14.071333432517454,0.0,False,0,14.252624153869895,22.557719932505087,46,True,True,False
d_gen_trip_winter,DSO_2,down,DSO_2|trafo_5,8,False,12.299151211494888,8.455848042182772,8.455848042182772,0.0,False,0,-36.54839413724003,75.27593599960286,46,True,False,False
d_ramp_up_autumn,DSO_1,down,DSO_1|trafo_0,0,False,8.021475082910616,6.1556724754546615,6.1556724754546615,0.0,False,0,-7.177209782009935,22.557719932505087,46,True,False,False
d_gen_trip_winter,DSO_3,down,DSO_3|trafo_7,2,False,17.421213757460258,13.066631416040517,13.066631416040517,0.0,False,0,-36.66711299453665,74.70610487516346,46,True,False,False
d_ramp_up_autumn,DSO_1,down,DSO_1|trafo_1,2,False,6.454417181823402,3.6321538507945306,3.6321538507945306,0.0,False,0,-31.14120202781137,94.08590970417518,46,True,False,False
d_ramp_up_autumn,DSO_1,up,DSO_1|trafo_2,2,False,14.832438421848131,15.91833830726556,15.91833830726556,0.0,False,0,38.47648238287519,58.17272280250587,46,True,True,False
d_ramp_up_autumn,DSO_1,up,DSO_1|trafo_1,3,False,14.914055504843708,13.410126636057152,13.410126636057152,0.0,False,0,58.240412191155045,94.08590970417518,46,True,False,False
d_ramp_up_autumn,DSO_1,down,DSO_1|trafo_2,0,False,9.528556667784212,5.155299654248122,5.155299654248122,0.0,False,0,-16.787604279505384,58.17272280250587,46,True,False,False
d_ramp_up_autumn,DSO_2,up,DSO_2|trafo_3,0,False,8.908551382452416,9.84116793351687,9.84116793351687,0.0,False,0,9.46402861410944,16.949238849968165,46,True,True,False
d_gen_trip_winter,DSO_3,down,DSO_3|trafo_8,3,False,16.616568657486788,12.584431978923996,12.584431978923996,0.0,False,0,-36.085032271882326,74.76598402281046,46,True,False,False
d_ramp_up_autumn,DSO_2,down,DSO_2|trafo_3,0,False,7.4087917918740445,5.638588044469895,5.638588044469895,0.0,False,0,-6.637748293360314,16.949238849968165,46,True,False,False
d_gen_trip_winter,DSO_4,down,DSO_4|trafo_10,0,False,38.27383203569895,1.8587654520892976,1.8587654520892976,0.0,False,0,-43.49106456806096,83.76842193108422,46,True,False,False
d_ramp_up_autumn,DSO_2,up,DSO_2|trafo_4,6,False,11.258727933009862,9.727537205194633,9.727537205194633,1.0,False,0,55.2373280232937,102.14270338126626,46,True,False,True
d_ramp_up_autumn,DSO_2,down,DSO_2|trafo_4,2,False,6.9482504590088325,3.887741239330424,3.887741239330424,0.0,False,0,-41.79824018890924,102.14270338126626,46,True,False,False
d_gen_trip_winter,DSO_4,down,DSO_4|trafo_9,0,False,9.299893829348733,1.2391608002587515,1.2391608002587515,0.0,False,0,-15.05525597680657,32.50340060159613,46,True,False,False
d_ramp_up_autumn,DSO_2,down,DSO_2|trafo_5,0,False,9.595620855011171,5.36865911554116,5.36865911554116,0.0,False,0,-19.820643610593773,56.51714231559206,46,True,False,False
d_ramp_up_autumn,DSO_2,up,DSO_2|trafo_5,2,False,9.97797997821692,11.391198824839384,11.391198824839384,0.0,False,0,33.87064158921869,56.51714231559206,46,True,True,False
d_ramp_up_autumn,DSO_3,up,DSO_3|trafo_6,0,False,13.92549147020484,14.620701869114036,14.620701869114036,0.0,False,0,15.553031472948309,28.911229162689526,46,True,True,False
d_ramp_up_autumn,DSO_3,down,DSO_3|trafo_6,0,False,12.653066893782473,10.473969849019891,10.473969849019891,0.0,False,0,-11.91263623160674,28.911229162689526,46,True,False,False
d_ramp_up_autumn,DSO_3,up,DSO_3|trafo_7,4,False,14.158068524975768,13.72592107963235,13.72592107963235,0.0,False,0,44.96906320119656,85.7058106420975,46,True,False,False
d_ramp_up_autumn,DSO_3,down,DSO_3|trafo_7,3,False,12.402905272080687,8.529608098258748,8.529608098258748,0.0,False,0,-36.45145690879607,85.7058106420975,46,True,False,False
d_ramp_up_autumn,DSO_3,up,DSO_3|trafo_8,2,False,13.937639697935582,15.385940367441943,15.385940367441943,0.0,False,0,34.56426663519747,61.81697375263535,46,True,True,False
d_ramp_up_autumn,DSO_3,down,DSO_3|trafo_8,1,False,13.820030553589142,9.642950591986867,9.642950591986867,0.0,False,0,-24.161858429806102,61.81697375263535,46,True,False,False
d_gen_trip_winter,DSO_4,down,DSO_4|trafo_11,2,False,52.77581965087145,4.95450208974686,4.95450208974686,0.0010621808719395,True,0,-37.68563611480253,75.5350670324974,46,True,False,True
d_ramp_up_autumn,DSO_4,up,DSO_4|trafo_9,0,False,4.803639157604221,15.952179435178657,15.952179435178657,0.0,False,0,6.251581594819757,12.936041082897706,46,True,True,False
d_ramp_up_autumn,DSO_4,down,DSO_4|trafo_9,0,False,6.931103811247027,14.6622931245351,14.6622931245351,0.0,False,0,-6.037657433933062,12.936041082897706,46,True,True,False
d_ramp_up_autumn,DSO_4,up,DSO_4|trafo_10,0,False,47.1111045381557,2.13707470779784,2.13707470779784,0.0,False,0,52.9486748596131,108.6423011462232,46,True,False,False
d_ramp_up_autumn,DSO_4,down,DSO_4|trafo_10,0,False,56.20722153784805,3.3259047185357247,3.3259047185357247,0.0,False,0,-50.26151122929893,108.6423011462232,46,True,False,False
d_ramp_up_autumn,DSO_4,up,DSO_4|trafo_11,4,False,17.145350046616773,1.8034162690280828,1.8034162690280828,0.0,False,0,27.916071856036616,55.09545091446155,46,True,False,False
d_ramp_up_autumn,DSO_4,down,DSO_4|trafo_11,3,False,37.54324805026188,3.0189215311158426,3.0189215311158426,0.0,False,0,-24.42460651270185,55.09545091446155,46,True,False,False
d_ramp_up_spring,DSO_1,up,DSO_1|trafo_0,1,False,27.56014635943721,23.857593379922385,23.857593379922385,1.0,False,0,50.30484726015246,102.52382365045978,46,True,False,True
d_ramp_up_spring,DSO_1,up,DSO_1|trafo_1,15,False,34.06816188075993,14.750204109010156,14.750204109010156,1.0,False,1,104.55227863614964,230.0537364245056,46,True,False,True
d_ramp_up_spring,DSO_2,up,DSO_2|trafo_3,1,False,20.376437380373247,18.742227225831957,18.742227225831957,0.0,False,0,41.87624388509809,92.1686843045355,46,True,False,False
d_ramp_up_spring,DSO_1,up,DSO_1|trafo_2,16,False,29.70591057088774,12.835869913879549,12.835869913879549,1.0,False,1,90.49873519280489,189.11198188393723,46,True,False,True
d_ramp_up_spring,DSO_2,up,DSO_2|trafo_5,25,False,23.617902743614977,3.212700274152297,3.212700274152297,1.0,False,2,84.71062448979765,192.3904735618385,46,True,False,True
d_ramp_up_spring,DSO_2,up,DSO_2|trafo_4,16,False,28.18625839750267,3.40326417660377,3.40326417660377,0.0,False,2,107.74771836683108,241.8692612549432,46,True,False,False
d_ramp_up_spring,DSO_1,down,DSO_1|trafo_0,1,False,27.52496459211351,26.81038666900176,26.81038666900176,0.0,False,0,-47.09278520778432,102.52382365045978,46,True,False,False
d_ramp_up_spring,DSO_2,down,DSO_2|trafo_3,1,False,22.10993793233945,22.987950950594094,22.987950950594094,0.0,False,0,-45.68400620421064,92.1686843045355,46,True,True,False
d_ramp_up_spring,DSO_3,up,DSO_3|trafo_6,1,False,33.90279898300452,30.07271097892499,30.07271097892499,1.0,False,0,53.73631555772999,114.59474982391842,46,True,False,True
d_ramp_up_spring,DSO_3,up,DSO_3|trafo_7,3,False,38.80886842668673,30.17353810870631,30.17353810870631,0.0,False,0,95.33579363525747,213.58711448921463,46,True,False,False
d_ramp_up_spring,DSO_3,up,DSO_3|trafo_8,9,False,34.35058561316548,27.26881490729697,27.26881490729697,0.0,False,0,89.67850224748426,192.8813515077231,46,True,False,False
d_ramp_up_spring,DSO_2,down,DSO_2|trafo_4,30,False,25.15462614021095,17.59293334142177,17.59293334142177,1.0,True,4,-122.02807982536494,241.8692612549432,46,True,False,True
d_ramp_up_spring,DSO_1,down,DSO_1|trafo_1,13,False,26.315284883210268,20.68015755306025,20.68015755306025,1.0,True,1,-113.99877096713068,230.0537364245056,46,True,False,True
d_ramp_up_spring,DSO_4,up,DSO_4|trafo_9,2,False,52.17288898420736,0.0494397205803505,0.0494397205803505,1.0,False,0,42.56650388898445,84.59836506233347,4,False,False,True
d_ramp_up_spring,DSO_1,down,DSO_1|trafo_2,11,False,29.14750342540488,30.61809806464093,30.61809806464093,1.0,False,0,-89.15764759693548,189.11198188393723,46,True,True,True
d_ramp_up_spring,DSO_2,down,DSO_2|trafo_5,16,False,26.789849776737896,25.30838940108231,25.30838940108231,1.0,True,2,-98.06032539394894,192.3904735618385,46,True,False,True
d_ramp_up_spring,DSO_3,down,DSO_3|trafo_6,1,False,35.25049143132782,34.29326598127924,34.29326598127924,0.0,False,0,-55.1286967749925,114.59474982391842,46,True,False,False
d_ramp_up_spring,DSO_4,up,DSO_4|trafo_10,17,False,121.12743645799203,4.063739170717264,4.063739170717264,1.0,False,0,117.48291813193778,254.7073268412269,46,True,False,True
d_ramp_down_summer,DSO_1,up,DSO_1|trafo_0,1,False,24.324126141449035,23.68793278386228,23.68793278386228,0.0,False,0,45.11904913815495,102.86872463148038,46,True,False,False
d_ramp_up_spring,DSO_4,up,DSO_4|trafo_11,17,False,91.66739838486424,0.3217195967876978,0.3217195967876978,1.0,False,0,90.09819137060023,190.42224581316376,17,False,False,True
d_ramp_down_summer,DSO_1,down,DSO_1|trafo_0,1,False,31.326320288205213,27.170492215955445,27.170492215955445,0.0,False,0,-52.60623926175139,102.86872463148038,46,True,False,False
d_ramp_down_summer,DSO_1,up,DSO_1|trafo_1,10,False,27.782235926174607,20.62934353580114,20.62934353580114,0.0,False,0,99.35401434606035,230.9915616518749,46,True,False,False
d_ramp_down_summer,DSO_1,up,DSO_1|trafo_2,11,False,25.95359581034033,22.812508525789625,22.812508525789625,1.0,False,0,82.14918766725332,189.5470130633493,46,True,False,True
d_ramp_up_spring,DSO_3,down,DSO_3|trafo_7,5,False,35.07730880827948,34.834147223091506,34.834147223091506,1.0,False,0,-107.57196512949642,213.58711448921463,46,True,False,True
d_ramp_up_spring,DSO_3,down,DSO_3|trafo_8,9,False,35.02067657600339,36.48719276711071,36.48719276711071,1.0,False,0,-93.55878168485268,192.8813515077231,46,True,True,True
d_ramp_up_spring,DSO_4,down,DSO_4|trafo_9,2,False,32.71961324408675,0.0204150168106185,0.0204150168106185,0.0,False,0,-37.80194292023235,84.59836506233347,4,False,False,False
d_ramp_down_summer,DSO_2,up,DSO_2|trafo_3,2,False,18.496001957317937,19.307036360058845,19.307036360058845,0.0,False,0,42.07541151512679,91.9979443902866,46,True,True,False
d_ramp_up_spring,DSO_4,down,DSO_4|trafo_10,14,False,126.95055455801908,5.864052512669302,5.864052512669302,0.0005186745835427,True,1,-124.48904236722774,254.7073268412269,46,True,False,True
d_ramp_down_summer,DSO_2,down,DSO_2|trafo_3,1,False,24.332884410588285,22.082829838163768,22.082829838163768,0.0,False,0,-45.32263565564547,91.9979443902866,46,True,False,False
d_ramp_down_summer,DSO_2,up,DSO_2|trafo_4,37,False,24.04576513636765,1.985250978584048,1.985250978584048,0.0,False,2,104.7221731429609,245.49362366237835,46,True,False,False
d_ramp_down_summer,DSO_2,up,DSO_2|trafo_5,11,False,20.756024854530978,11.815856605743804,11.815856605743804,1.0,False,1,83.63543476184427,192.37260295741757,46,True,False,True
d_ramp_up_spring,DSO_4,down,DSO_4|trafo_11,8,False,89.98535847615875,0.9743831279468744,0.9743831279468744,1.0,True,1,-90.80294215190531,190.42224581316376,22,False,False,True
d_ramp_down_summer,DSO_3,up,DSO_3|trafo_6,1,False,30.315233873757236,29.688072685885505,29.688072685885505,0.0,False,0,50.14727503188506,114.60738621223824,46,True,False,False
d_ramp_down_summer,DSO_3,down,DSO_3|trafo_6,1,False,39.3745315543681,34.824211078399685,34.824211078399685,0.0,False,0,-58.72974186974128,114.60738621223824,46,True,False,False
d_ramp_down_summer,DSO_3,up,DSO_3|trafo_7,5,False,32.74687627074856,27.827583547235832,27.827583547235832,0.0,False,0,91.69253842011337,213.4044483160664,46,True,False,False
d_ramp_down_summer,DSO_1,down,DSO_1|trafo_1,15,False,35.86557525640215,21.75232190739422,21.75232190739422,0.0038763328065689,True,2,-120.08796922322075,230.9915616518749,46,True,False,True
d_ramp_down_summer,DSO_3,up,DSO_3|trafo_8,9,False,29.793746647455293,28.109011566146734,28.109011566146734,0.0,False,0,83.46682614976237,192.7093169145092,46,True,False,False
d_ramp_down_summer,DSO_1,down,DSO_1|trafo_2,10,False,36.75513215590857,27.70265058384571,27.70265058384571,8.62320546735445e-05,False,1,-97.92047474292852,189.5470130633493,46,True,False,True
d_ramp_down_summer,DSO_4,up,DSO_4|trafo_9,46,True,35.1306181359913,0.5290603817317132,0.5290603817317132,0.0,False,0,38.2013733330034,85.52735721921715,4,False,False,False
d_ramp_down_summer,DSO_4,up,DSO_4|trafo_10,20,False,120.26986415911588,5.292961279622725,5.292961279622725,0.0,False,0,113.8801941917084,265.78819718539694,46,True,False,False
d_ramp_down_spring,DSO_1,up,DSO_1|trafo_0,0,False,15.308141957419537,11.384936141382603,11.384936141382603,0.0,False,0,13.552898106868655,22.5979808348136,46,True,False,False
d_ramp_down_summer,DSO_2,down,DSO_2|trafo_5,22,False,31.85679486717767,22.90787714636264,22.90787714636264,0.0022894192776682,True,3,-99.1185380477024,192.37260295741757,46,True,False,True
d_ramp_down_summer,DSO_2,down,DSO_2|trafo_4,36,False,29.73174958653497,18.27777280975296,18.27777280975296,0.0080168515569356,True,5,-128.4967693362985,245.49362366237835,46,True,False,True
d_ramp_down_summer,DSO_4,up,DSO_4|trafo_11,7,False,85.30961918719908,0.2534741041863846,0.2534741041863846,0.0,False,0,82.62361176888302,197.76276497367596,7,False,False,False
d_ramp_down_spring,DSO_1,down,DSO_1|trafo_0,0,False,6.059355221043526,8.903270757377168,8.903270757377168,0.0,False,0,-7.915183686204259,22.5979808348136,46,True,True,False
d_ramp_down_spring,DSO_1,up,DSO_1|trafo_1,3,False,22.09091859539314,14.57739439395859,14.57739439395859,0.0,False,0,53.81534105149024,94.53930587997937,46,True,False,False
d_ramp_down_spring,DSO_1,down,DSO_1|trafo_1,3,False,2.986909370254722,6.8070861569473,6.8070861569473,1.0,False,0,-35.99699953449014,94.53930587997937,46,True,True,True
d_ramp_down_spring,DSO_1,down,DSO_1|trafo_2,0,False,6.493422172275796,13.603404084085383,13.603404084085383,0.0,False,0,-16.95480100626554,58.20332719633048,46,True,True,False
d_ramp_down_summer,DSO_3,down,DSO_3|trafo_8,9,False,40.851135689733525,34.897867119377736,34.897867119377736,0.0,False,0,-99.60702491902136,192.7093169145092,46,True,False,False
d_ramp_down_spring,DSO_1,up,DSO_1|trafo_2,3,False,17.25620920020475,7.1864400087942,7.1864400087942,1.0,False,0,38.33835983024841,58.20332719633048,46,True,False,True
d_ramp_down_spring,DSO_2,up,DSO_2|trafo_3,0,False,11.0790778463931,7.516161570215502,7.516161570215502,0.0,False,0,9.57241421086746,16.914515588735625,46,True,False,False
d_ramp_down_spring,DSO_2,down,DSO_2|trafo_3,0,False,5.215195656258329,7.959618693745602,7.959618693745602,0.0,False,0,-6.496375598431381,16.914515588735625,46,True,True,False
d_ramp_down_spring,DSO_2,up,DSO_2|trafo_4,5,False,20.4579556178532,12.201485761818605,12.201485761818605,1.0,False,0,53.82055249206293,102.13611885203925,46,True,False,True
d_ramp_down_spring,DSO_2,down,DSO_2|trafo_4,2,False,2.5696021196377075,6.829188157823822,6.829188157823822,0.0,False,0,-43.20876041737433,102.13611885203925,46,True,True,False
d_ramp_down_spring,DSO_2,up,DSO_2|trafo_5,3,False,13.456732523899303,3.735351472879543,3.735351472879543,0.0,False,0,35.82510400098987,56.32970116067024,46,True,False,False
d_ramp_down_spring,DSO_3,up,DSO_3|trafo_6,0,False,17.548965905824645,13.350766261719976,13.350766261719976,0.0,False,0,15.753224677076082,28.87613098416325,46,True,False,False
d_ramp_down_spring,DSO_3,down,DSO_3|trafo_6,0,False,8.920970248296243,11.673508729121234,11.673508729121234,0.0,False,0,-11.67909975787901,28.87613098416325,46,True,True,False
d_ramp_down_spring,DSO_2,down,DSO_2|trafo_5,0,False,5.873447877549175,13.155171643938196,13.155171643938196,0.0,False,0,-17.68811210164685,56.32970116067024,46,True,True,False
d_ramp_down_summer,DSO_3,down,DSO_3|trafo_7,4,False,42.43813090712436,36.47965850530336,36.47965850530336,0.0,False,0,-111.04168748014972,213.4044483160664,46,True,False,False
d_ramp_down_spring,DSO_3,up,DSO_3|trafo_7,4,False,21.332980163243317,13.520207324276877,13.520207324276877,0.0,False,0,44.73040264826706,85.67598034133529,46,True,False,False
d_ramp_down_summer,DSO_4,down,DSO_4|trafo_9,4,False,50.41575048736208,0.0393645169433796,0.0393645169433796,0.0004678538267888,False,0,-43.0496160252529,85.52735721921715,4,False,False,True
d_ramp_down_spring,DSO_3,down,DSO_3|trafo_7,4,False,5.99332842457455,9.854302199607694,9.854302199607694,0.0,False,0,-36.66177867600146,85.67598034133529,46,True,True,False
d_ramp_down_spring,DSO_3,down,DSO_3|trafo_8,1,False,9.231214619943586,15.467215339868694,15.467215339868694,0.0,False,0,-22.66263138963849,61.68463987055655,46,True,True,False
d_ramp_down_spring,DSO_3,up,DSO_3|trafo_8,3,False,18.750492471651537,10.004080883028244,10.004080883028244,0.0,False,0,35.937776487390224,61.68463987055655,46,True,False,False
d_ramp_down_spring,DSO_4,up,DSO_4|trafo_9,0,False,7.012109417632709,21.03300304834847,21.03300304834847,0.0,False,0,7.027283670666734,12.834029333522109,46,True,True,False
d_ramp_down_spring,DSO_4,down,DSO_4|trafo_9,0,False,4.689116369964704,19.82333768341115,19.82333768341115,0.0,False,0,-5.165044196179267,12.834029333522109,46,True,True,False
d_ramp_down_spring,DSO_4,up,DSO_4|trafo_10,0,False,62.04281080861299,2.054599278105364,2.054599278105364,1.0,False,0,55.64464808878138,107.94975146797464,46,True,False,True
d_ramp_down_summer,DSO_4,down,DSO_4|trafo_10,11,False,136.3007606756934,5.479271326286609,5.479271326286609,0.0004389052524849,True,0,-138.6185931344187,265.78819718539694,46,True,False,True
d_ramp_down_spring,DSO_4,down,DSO_4|trafo_10,0,False,39.44504979343054,4.063157357833887,4.063157357833887,0.0,False,0,-46.90761580579453,107.94975146797464,46,True,False,False
d_ramp_down_spring,DSO_4,down,DSO_4|trafo_11,0,False,26.977304195817545,1.280259000568165,1.280259000568165,0.0,False,0,-17.71510326185465,54.28271257376955,46,True,False,False
d_ramp_down_spring,DSO_4,up,DSO_4|trafo_11,4,False,28.45459478532779,1.9255608885951252,1.9255608885951252,1.0,False,0,33.85347368322642,54.28271257376955,46,True,False,True
d_ramp_down_summer,DSO_4,down,DSO_4|trafo_11,28,False,106.15091560689451,5.429546254449799,5.429546254449799,0.0061894371700028,True,4,-105.2510149561091,197.76276497367596,46,True,False,True
d_reversal_spring,DSO_2,up,DSO_2|trafo_4,11,False,24.323006119940857,5.975469677748222,5.975469677748222,1.0,False,1,104.8224319026883,242.72575856631005,46,True,False,True
d_reversal_spring,DSO_1,up,DSO_1|trafo_1,9,False,31.513994050745765,22.18235392473791,22.18235392473791,1.0,False,0,101.7460066298225,230.54809414253248,46,True,False,True
d_reversal_spring,DSO_2,up,DSO_2|trafo_5,12,False,22.040854871206733,9.871319155022988,9.871319155022988,1.0,False,1,80.8984025697189,193.09283594230823,46,True,False,True
d_reversal_spring,DSO_1,up,DSO_1|trafo_2,10,False,28.44786172506187,21.640284883532644,21.640284883532644,1.0,False,0,86.70469648708385,189.51555747256447,46,True,False,True
d_reversal_spring,DSO_1,up,DSO_1|trafo_0,1,False,26.195704527664983,23.420517202743213,23.420517202743213,1.0,False,0,48.19304245114904,102.6968402053554,46,True,False,True
d_reversal_spring,DSO_1,down,DSO_1|trafo_0,1,False,29.077217314216952,27.327693748860177,27.327693748860177,1.0,False,0,-49.36895574393858,102.6968402053554,46,True,False,True
d_reversal_spring,DSO_2,up,DSO_2|trafo_3,1,False,19.260254067977748,18.413487657405447,18.413487657405447,0.0,False,0,40.27005207743374,92.33529768038927,46,True,False,False
d_reversal_spring,DSO_2,down,DSO_2|trafo_3,1,False,23.42759701128844,23.401530554903903,23.401530554903903,0.0,False,0,-47.44848071893607,92.33529768038927,46,True,False,False
d_reversal_spring,DSO_1,down,DSO_1|trafo_2,35,False,30.869572060321204,22.443110286416143,22.443110286416143,1.0,True,1,-93.33508311185238,189.51555747256447,46,True,False,True
d_reversal_spring,DSO_2,down,DSO_2|trafo_4,29,False,28.317150784522653,25.184191476953657,25.184191476953657,1.0,True,4,-125.76703873530626,242.72575856631005,46,True,False,True
d_reversal_spring,DSO_2,down,DSO_2|trafo_5,15,False,30.223328435222285,26.149858844781505,26.149858844781505,1.0,True,2,-102.5397915754739,193.09283594230823,46,True,False,True
d_reversal_spring,DSO_1,down,DSO_1|trafo_1,10,False,29.70123424690634,22.53494234825797,22.53494234825797,1.0,False,1,-117.27468280558334,230.54809414253248,46,True,False,True
d_reversal_spring,DSO_4,up,DSO_4|trafo_9,4,False,48.95584723456482,0.035458950237885,0.035458950237885,1.0,False,0,40.72478337950508,84.81230856277094,4,False,False,True
d_reversal_spring,DSO_3,up,DSO_3|trafo_7,3,False,35.72641841320471,28.38391670882328,28.38391670882328,0.0,False,0,92.37385234602894,213.9247621553186,46,True,False,False
d_reversal_autumn,DSO_1,up,DSO_1|trafo_0,0,False,10.668357747734255,11.5140635150692,11.5140635150692,0.0,False,0,11.446475603173283,22.830885657635623,46,True,True,False
d_reversal_spring,DSO_3,up,DSO_3|trafo_8,9,False,31.9694389373835,26.85779378370097,26.85779378370097,0.0,False,0,85.93488580219716,193.2590512444092,46,True,False,False
d_reversal_autumn,DSO_1,down,DSO_1|trafo_0,0,False,10.927358687831964,8.955117024198062,8.955117024198062,0.0,False,0,-10.242865771580554,22.830885657635623,46,True,False,False
d_reversal_spring,DSO_3,up,DSO_3|trafo_6,1,False,32.096832818057,29.36893220068509,29.36893220068509,1.0,False,0,51.47887968376183,114.76721137800163,46,True,False,True
d_reversal_spring,DSO_4,up,DSO_4|trafo_10,18,False,121.46333436858538,4.339427841693444,4.339427841693444,1.0,False,0,116.09359037555922,255.98611282310785,46,True,False,True
d_reversal_autumn,DSO_1,up,DSO_1|trafo_1,3,False,10.456113219676736,9.558350570653094,9.558350570653094,1.0,False,0,46.94654703768379,95.2419111874648,46,True,False,True
d_reversal_spring,DSO_3,down,DSO_3|trafo_6,1,False,37.28450260499325,35.105708348406466,35.105708348406466,1.0,False,0,-57.54997112533973,114.76721137800163,46,True,False,True
d_reversal_autumn,DSO_1,down,DSO_1|trafo_1,3,False,10.700019231222868,7.558499834697969,7.558499834697969,0.0,False,0,-43.53326859040778,95.2419111874648,46,True,False,False
d_reversal_autumn,DSO_1,up,DSO_1|trafo_2,2,False,11.206945462888864,11.903298904759376,11.903298904759376,0.0,False,0,30.65604320601299,58.75712609527712,46,True,True,False
d_reversal_autumn,DSO_1,down,DSO_1|trafo_2,1,False,12.496648882173156,8.689087669297393,8.689087669297393,0.0,False,0,-25.16322658450028,58.75712609527712,46,True,False,False
d_reversal_autumn,DSO_2,up,DSO_2|trafo_3,0,False,7.813617740814132,8.60177649689847,8.60177649689847,0.0,False,0,8.263432149645718,17.091458408942884,46,True,True,False
d_reversal_autumn,DSO_2,down,DSO_2|trafo_3,0,False,8.638672601919732,7.005787345779838,7.005787345779838,0.0,False,0,-7.973453338850024,17.091458408942884,46,True,False,False
d_reversal_autumn,DSO_2,up,DSO_2|trafo_4,2,False,8.680240679194547,7.067328638845126,7.067328638845126,0.0,False,0,48.83988931342421,102.83094130120924,46,True,False,False
d_reversal_autumn,DSO_2,down,DSO_2|trafo_4,2,False,9.649855550311372,6.683697077985215,6.683697077985215,1.0,False,0,-48.84950492272455,102.83094130120924,46,True,False,True
d_reversal_autumn,DSO_2,up,DSO_2|trafo_5,2,False,8.910506603856012,10.202363555671594,10.202363555671594,0.0,False,0,28.89723552584431,57.103123835202055,46,True,True,False
d_reversal_spring,DSO_4,up,DSO_4|trafo_11,6,False,88.98202002783846,0.2829593443430689,0.2829593443430689,0.0,False,0,88.09491567014915,191.1056993736164,6,False,False,False
d_reversal_spring,DSO_4,down,DSO_4|trafo_9,2,False,36.12295509583445,0.006820741638462,0.006820741638462,0.0,False,0,-39.84690975512731,84.81230856277094,4,False,False,False
d_reversal_autumn,DSO_2,down,DSO_2|trafo_5,1,False,10.715020224055223,6.832725471009425,6.832725471009425,0.0,False,0,-25.35073211759764,57.103123835202055,46,True,False,False
d_reversal_autumn,DSO_3,up,DSO_3|trafo_6,0,False,12.03654925721738,12.893383231312525,12.893383231312525,0.0,False,0,13.4104696623741,29.10615080529812,46,True,True,False
d_reversal_autumn,DSO_3,down,DSO_3|trafo_6,0,False,14.71030131950956,12.366213544484207,12.366213544484207,0.0,False,0,-14.24037360265911,29.10615080529812,46,True,False,False
d_reversal_autumn,DSO_3,up,DSO_3|trafo_7,4,False,11.488025081558884,10.914602981094376,10.914602981094376,1.0,False,0,38.90834995561967,86.08965405317295,46,True,False,True
d_reversal_autumn,DSO_3,down,DSO_3|trafo_7,4,False,15.16745695263129,11.49896532748631,11.49896532748631,0.0,False,0,-42.87682139489462,86.08965405317295,46,True,False,False
d_reversal_spring,DSO_3,down,DSO_3|trafo_8,9,False,37.8484170562886,36.92871465906549,36.92871465906549,1.0,False,0,-97.66121287999152,193.2590512444092,46,True,False,True
d_reversal_spring,DSO_3,down,DSO_3|trafo_7,4,False,38.74169709840612,36.824515403189295,36.824515403189295,1.0,False,0,-110.85467170152371,213.9247621553186,46,True,False,True
d_reversal_autumn,DSO_3,up,DSO_3|trafo_8,2,False,12.095730299290668,13.283343202260646,13.283343202260646,1.0,False,0,29.49541553416516,62.14033821576559,46,True,True,True
d_reversal_autumn,DSO_3,down,DSO_3|trafo_8,1,False,15.731067093650148,11.921847287208728,11.921847287208728,0.0,False,0,-29.53790577081215,62.14033821576559,46,True,False,False
d_reversal_autumn,DSO_4,up,DSO_4|trafo_9,0,False,4.595176713138248,15.13820096032032,15.13820096032032,0.0,False,0,6.104591980446063,13.04870708451478,46,True,True,False
d_reversal_autumn,DSO_4,down,DSO_4|trafo_9,0,False,7.104389827371127,13.694156517343888,13.694156517343888,0.0,False,0,-6.291679749842979,13.04870708451478,46,True,True,False
d_reversal_autumn,DSO_4,up,DSO_4|trafo_10,0,False,48.9099085824915,2.1581017563378357,2.1581017563378357,0.0,False,0,51.7334198282046,109.03171864322906,46,True,False,False
d_reversal_autumn,DSO_4,down,DSO_4|trafo_10,0,False,55.07621597857216,3.1031438743049087,3.1031438743049087,0.0,False,0,-51.846712882863,109.03171864322906,46,True,False,False
d_reversal_autumn,DSO_4,up,DSO_4|trafo_11,4,False,15.416515696316097,1.907181542688156,1.907181542688156,1.0,False,0,27.08544024499029,55.17172553498398,46,True,False,True
d_reversal_autumn,DSO_4,down,DSO_4|trafo_11,3,False,39.13736616541865,3.298216127540084,3.298216127540084,0.0,False,0,-25.32769901324448,55.17172553498398,46,True,False,False
d_reversal_spring,DSO_4,down,DSO_4|trafo_10,14,False,128.97348306085968,5.821589666134448,5.821589666134448,0.000520966369997,True,1,-127.0932168063932,255.98611282310785,46,True,False,True
d_reversal_spring,DSO_4,down,DSO_4|trafo_11,15,False,96.92816067294868,1.3641268944000222,1.3641268944000222,1.0,True,2,-93.45549873478645,191.1056993736164,46,True,False,True
