window,dso,trafo,direction,time_s,inner_iteration,q_set_mvar,q_actual_mvar,q_actual_delta_mvar,abs_tracking_error_mvar,cap_min_mvar,cap_max_mvar,tap_pos,v_min_pu,v_max_pu,z_slack_max,case_wall_s
d_reversal_spring,DSO_4,DSO_4|trafo_10,up,600.0,0,4.140970628088878,4.596692216992392,nan,0.455721588903514,-139.64531459977314,116.34079822333472,0,1.0183700603274217,1.0310719597498792,0.0,561.1098255999386
d_reversal_spring,DSO_4,DSO_4|trafo_10,up,620.0,1,4.140970628088878,1.1051522317804654,-3.4915399852119267,3.0358183963084127,-139.7333306674634,116.25278215564443,0,1.0218801036389202,1.0395972842460133,0.0,561.1098255999386
d_reversal_spring,DSO_4,DSO_4|trafo_10,up,640.0,2,4.140970628088878,6.257568786494876,5.152416554714411,2.1165981584059983,-139.87344816128146,116.1126646618264,0,1.019585609511409,1.031235285272382,0.0,561.1098255999386
d_reversal_spring,DSO_4,DSO_4|trafo_10,up,660.0,3,4.140970628088878,1.7482175934373174,-4.509351193057559,2.3927530346515606,-139.89719347567868,116.08891934742915,0,1.0221279349289967,1.0396622353965816,0.0,561.1098255999386
d_reversal_spring,DSO_4,DSO_4|trafo_10,up,680.0,4,4.140970628088878,6.532340641267182,4.784123047829865,2.391370013178304,-140.02849352221935,115.9576193008885,0,1.019951159254828,1.0312551959972172,0.0,561.1098255999386
d_reversal_spring,DSO_4,DSO_4|trafo_10,up,700.0,5,4.140970628088878,1.8529572673313695,-4.679383373935813,2.2880133607575086,-140.04052131877887,115.94559150432897,0,1.0222801911812407,1.039607159145013,0.0,561.1098255999386
d_reversal_spring,DSO_4,DSO_4|trafo_10,up,720.0,6,4.140970628088878,6.592478436392693,4.739521169061324,2.4515078083038153,-140.17324920232105,115.81286362078681,0,1.0201591436428528,1.031201899238816,0.0,561.1098255999386
d_reversal_spring,DSO_4,DSO_4|trafo_10,up,740.0,7,4.140970628088878,1.860360233355042,-4.732118203037651,2.280610394733836,-140.1803028712491,115.80580995185875,0,1.0224034972508114,1.0395450846311787,0.0,561.1098255999386
d_reversal_spring,DSO_4,DSO_4|trafo_10,up,760.0,8,4.140970628088878,6.619491501442598,4.759131268087556,2.4785208733537196,-140.31594683756313,115.67016598554471,0,1.0203362229317035,1.0311291216488954,0.0,561.1098255999386
d_reversal_spring,DSO_4,DSO_4|trafo_10,up,780.0,9,4.140970628088878,1.84513340404777,-4.774358097394828,2.295837224041108,-140.31905457839267,115.66705824471518,0,1.0225174164357123,1.0394922225260366,0.0,561.1098255999386
d_reversal_spring,DSO_4,DSO_4|trafo_10,up,800.0,10,4.140970628088878,6.644834968714379,4.799701564666609,2.5038643406255012,-140.4580115289633,115.52810129414455,0,1.0204341639762926,1.0310448526662317,0.0,561.1098255999386
d_reversal_spring,DSO_4,DSO_4|trafo_10,up,820.0,11,4.140970628088878,1.8204959539613235,-4.824339014753056,2.3204746741275546,-140.45723841059234,115.52887441251548,0,1.0226292395962837,1.039451111863462,0.0,561.1098255999386
d_reversal_spring,DSO_4,DSO_4|trafo_10,up,840.0,12,4.140970628088878,6.674462874231873,4.853966920270549,2.5334922461429947,-140.5997424621968,115.38637036091109,0,1.0205035076345386,1.0309499065384868,0.0,561.1098255999386
d_reversal_spring,DSO_4,DSO_4|trafo_10,up,860.0,13,4.140970628088878,1.7889176051015312,-4.885545269130342,2.352053022987347,-140.59494608473528,115.39116673837258,0,1.0227409079187986,1.039421116083821,0.0,561.1098255999386
d_reversal_spring,DSO_4,DSO_4|trafo_10,up,880.0,14,4.140970628088878,6.709791965964779,4.920874360863248,2.5688213378759013,-140.74122259278303,115.24489023032484,0,1.0205681368715795,1.0308440022369265,0.0,561.1098255999386
d_reversal_spring,DSO_4,DSO_4|trafo_10,up,900.0,15,4.140970628088878,1.7490596414888877,-4.960732324475892,2.3919109865999904,-140.73195811218312,115.25415471092471,0,1.0228547929226928,1.0394063771593804,0.0,561.1098255999386
d_reversal_spring,DSO_4,DSO_4|trafo_10,up,920.0,16,4.140970628088878,6.512565148919215,4.763505507430327,2.371594520830337,-140.74120156168343,115.24491126142443,0,1.02075367384732,1.031194501991012,0.0,561.1098255999386
d_reversal_spring,DSO_4,DSO_4|trafo_10,up,940.0,17,4.140970628088878,1.6746767783529624,-4.837888370566253,2.4662938497359157,-140.5951065844312,115.39100623867668,0,1.022883073622801,1.039589841814408,0.0,561.1098255999386
d_reversal_spring,DSO_4,DSO_4|trafo_10,up,960.0,18,4.140970628088878,6.534788615710969,4.860111837358007,2.393817987622091,-140.60569082773134,115.3804219953765,0,1.0207738438431782,1.0312455464565138,0.0,561.1098255999386
d_reversal_spring,DSO_4,DSO_4|trafo_10,up,980.0,19,4.140970628088878,1.6307235915240348,-4.904065024186934,2.5102470365648433,-140.4589071509225,115.52720567218536,0,1.0229208023444891,1.039775411721762,0.0,561.1098255999386
d_reversal_spring,DSO_4,DSO_4|trafo_10,up,1000.0,20,4.140970628088878,6.571287974032809,4.940564382508774,2.430317345943931,-140.4704887612685,115.51562406183933,0,1.0207899002243814,1.0312937384822927,0.0,561.1098255999386
d_reversal_spring,DSO_4,DSO_4|trafo_10,up,1020.0,21,4.140970628088878,1.5917861765721444,-4.979501797460665,2.5491844515167337,-140.32256018880915,115.6635526342987,0,1.0229611124228046,1.0399566111128706,0.0,561.1098255999386
d_reversal_spring,DSO_4,DSO_4|trafo_10,up,1040.0,22,4.140970628088878,6.610856237572191,5.019070061000047,2.4698856094833133,-140.33510819619497,115.65100462691287,0,1.0208057977676326,1.031337207335927,0.0,561.1098255999386
d_reversal_spring,DSO_4,DSO_4|trafo_10,up,1060.0,23,4.140970628088878,1.5535404226230707,-5.057315814949121,2.5874302054658074,-140.18591959627,115.80019322683785,0,1.0230026332731266,1.0401337754183049,0.0,561.1098255999386
d_reversal_spring,DSO_4,DSO_4|trafo_10,up,1080.0,24,4.140970628088878,6.651336905407819,5.097796482784748,2.5103662773189406,-140.19945500799517,115.78665781511266,0,1.020821563063697,1.031375498547734,0.0,561.1098255999386
d_reversal_spring,DSO_4,DSO_4|trafo_10,up,1100.0,25,4.140970628088878,1.5151935829117562,-5.136143322496062,2.625777045177122,-140.0489540479042,115.93715877520363,0,1.023043900400275,1.040306184621732,0.0,561.1098255999386
d_reversal_spring,DSO_4,DSO_4|trafo_10,up,1120.0,26,4.140970628088878,6.692232408952328,5.1770388260405715,2.5512617808634497,-140.0635045634609,115.92260825964696,0,1.0208371967160577,1.0314088368662955,0.0,561.1098255999386
d_reversal_spring,DSO_4,DSO_4|trafo_10,up,1140.0,27,4.140970628088878,1.4861106499519199,-5.206121759000408,2.654859978136958,-139.91166110936769,116.0744517137402,0,1.0230810491912343,1.0404339511366696,0.0,561.1098255999386
d_reversal_spring,DSO_4,DSO_4|trafo_10,up,1160.0,28,4.140970628088878,6.7234141859913645,5.237303536039445,2.5824435579024865,-139.92700003245074,116.05911279065707,0,1.0208585824065184,1.0314340781897,0.0,561.1098255999386
d_reversal_spring,DSO_4,DSO_4|trafo_10,up,1180.0,29,4.140970628088878,1.4565763764133752,-5.266837809577989,2.684394251675503,-139.77405133766155,116.21206148544627,0,1.0231180011648542,1.0405618076553846,0.0,561.1098255999386
d_reversal_spring,DSO_4,DSO_4|trafo_10,up,1200.0,30,4.140970628088878,6.754935218382684,5.298358841969309,2.613964590293806,-139.79020709539074,116.19590572771713,0,1.020879710287405,1.0314554826433542,0.0,561.1098255999386
d_reversal_spring,DSO_4,DSO_4|trafo_10,up,1220.0,31,4.140970628088878,1.4270063567680804,-5.327928861614604,2.7139642713207976,-139.636123767776,116.34998905533186,0,1.0231549933639688,1.0406865737053377,0.0,561.1098255999386
d_reversal_spring,DSO_4,DSO_4|trafo_10,up,1240.0,32,4.140970628088878,6.786556955733104,5.359550598965024,2.645586327644226,-139.65311484607383,116.33299797703401,0,1.020900207225799,1.0314726533314855,0.0,561.1098255999386
d_reversal_spring,DSO_4,DSO_4|trafo_10,up,1260.0,33,4.140970628088878,1.3971748951711014,-5.389382060562003,2.7437957329177767,-139.49787465104146,116.48823817206636,0,1.0231913701292878,1.0408080405691535,0.0,561.1098255999386
d_reversal_spring,DSO_4,DSO_4|trafo_10,up,1280.0,34,4.140970628088878,6.8183652690428564,5.421190373871755,2.6773946409539784,-139.51572440478398,116.47038841832388,0,1.0209213545769336,1.0314871374222334,0.0,561.1098255999386
d_reversal_spring,DSO_4,DSO_4|trafo_10,up,1300.0,35,4.140970628088878,1.380598560380994,-5.437766708661862,2.760372067707884,-139.35931293095254,116.62679989215529,0,1.0232243423077254,1.0409074810285184,0.0,561.1098255999386
d_reversal_spring,DSO_4,DSO_4|trafo_10,up,1320.0,36,4.140970628088878,6.84125624827279,5.460657687891796,2.7002856201839123,-139.37788547539557,116.60822734771224,0,1.0209469135795142,1.0315141549629057,0.0,561.1098255999386
d_reversal_spring,DSO_4,DSO_4|trafo_10,up,1340.0,37,4.140970628088878,1.3600663715035033,-5.481189876769287,2.7809042565853748,-139.22050707270577,116.76560575040209,0,1.023256941536172,1.041006284722111,0.0,561.1098255999386
d_reversal_spring,DSO_4,DSO_4|trafo_10,up,1360.0,38,4.140970628088878,6.8638083802491,5.503742008745597,2.7228377521602223,-139.23972480149723,116.74638802161058,0,1.0209724049699793,1.0315375028917537,0.0,561.1098255999386
d_reversal_spring,DSO_4,DSO_4|trafo_10,up,1380.0,39,4.140970628088878,1.3401820693275184,-5.523626310921582,2.8007885587613597,-139.08137973931971,116.90473308378816,0,1.0232892312676092,1.041100594468265,0.0,561.1098255999386
d_reversal_spring,DSO_4,DSO_4|trafo_10,up,1400.0,40,4.140970628088878,6.885575975450393,5.545393906122874,2.7446053473615146,-139.10125435943584,116.88485846367203,0,1.020998157657548,1.0315586868857827,0.0,561.1098255999386
d_reversal_spring,DSO_4,DSO_4|trafo_10,up,1420.0,41,4.140970628088878,1.3191932637192192,-5.5663827117311735,2.821777364369659,-138.9419463641433,117.04416645896461,0,1.0233214340634271,1.0411936100212444,0.0,561.1098255999386
d_reversal_spring,DSO_4,DSO_4|trafo_10,up,1440.0,42,4.140970628088878,6.907856868260735,5.588663604541516,2.766886240171857,-138.96249843593924,117.02361438716862,0,1.0210234543188421,1.0315760961098746,0.0,561.1098255999386
d_reversal_spring,DSO_4,DSO_4|trafo_10,up,1460.0,43,4.140970628088878,1.2976373304140036,-5.610219537846731,2.8433332976748744,-138.8022003768344,117.18391244627347,0,1.0233532410273867,1.0412860481309065,0.0,561.1098255999386
d_reversal_spring,DSO_4,DSO_4|trafo_10,up,1480.0,44,4.140970628088878,6.930834649756829,5.633197319342825,2.7898640216679507,-138.82346597594255,117.16264684716528,0,1.0210486539296189,1.0315913753250625,0.0,561.1098255999386
d_reversal_spring,DSO_4,DSO_4|trafo_10,up,1500.0,45,4.140970628088878,1.2753920591522956,-5.655442590604533,2.8655785689365825,-138.66214971905524,117.32396310405265,0,1.0233852830686576,1.041377442054648,0.0,561.1098255999386
