case,actual_delta,actuator_class,attempted_horizons_s,censored,diagnostic_change,diagnostic_expected_change,diagnostic_final,diagnostic_initial,diagnostic_tolerance,direction,dispatch_time_s,domain,event_live,event_offset_s,group,horizon_s,mode,physical_event_time_s,qss_score,qss_worst_output,requested_delta,selection_reasons,subband,t_settle_s,target,unit,worst_output_kind,worst_signal
tap_m1_NC3W_DSO_1_t0,-1.0,coupler_oltc,30,False,-0.9999999999999997,-1.0,-0.9999999999999997,0.0,0.5,-1,305.0,DSO,True,5.0,DSO_1,30.0,discrete,310.0,,,-1.0,all feasible discrete locations,False,5.9116666666658375,NC3W_DSO_1_t0,tap,tso_boundary_q,Q_TSO_Z2_Z1_TN_line14
tap_m1_NC3W_DSO_1_t1,-1.0,coupler_oltc,30,False,-0.9999999999999997,-1.0,-0.9999999999999997,0.0,0.5,-1,305.0,DSO,True,5.0,DSO_1,30.0,discrete,310.0,,,-1.0,all feasible discrete locations,False,6.011666666665747,NC3W_DSO_1_t1,tap,voltage,V_DSO_3_bus84
tap_m1_NC3W_DSO_1_t2,-1.0,coupler_oltc,30,False,-0.9999999999999997,-1.0,-0.9999999999999997,0.0,0.5,-1,305.0,DSO,True,5.0,DSO_1,30.0,discrete,310.0,,,-1.0,all feasible discrete locations,False,6.111666666665656,NC3W_DSO_1_t2,tap,tso_boundary_q,Q_TSO_Z2_Z1_TN_line14
tap_m1_NC3W_DSO_2_t3,-1.0,coupler_oltc,30,False,-0.9999999999999997,-1.0,-0.9999999999999997,0.0,0.5,-1,305.0,DSO,True,5.0,DSO_2,30.0,discrete,310.0,,,-1.0,all feasible discrete locations,False,6.061666666665701,NC3W_DSO_2_t3,tap,tso_boundary_q,Q_TSO_Z2_Z1_TN_line14
tap_m1_NC3W_DSO_2_t4,-1.0,coupler_oltc,30,False,-0.9999999999999996,-1.0,-0.9999999999999996,0.0,0.5,-1,305.0,DSO,True,5.0,DSO_2,30.0,discrete,310.0,,,-1.0,all feasible discrete locations,False,6.261666666665519,NC3W_DSO_2_t4,tap,tso_boundary_q,Q_TSO_Z2_Z1_TN_line14
tap_m1_NC3W_DSO_2_t5,-1.0,coupler_oltc,30,False,-0.9999999999999996,-1.0,-0.9999999999999996,0.0,0.5,-1,305.0,DSO,True,5.0,DSO_2,30.0,discrete,310.0,,,-1.0,all feasible discrete locations,False,6.16166666666561,NC3W_DSO_2_t5,tap,tso_boundary_q,Q_TSO_Z2_Z1_TN_line14
tap_m1_NC3W_DSO_3_t6,-1.0,coupler_oltc,30,False,-0.9999999999999997,-1.0,-0.9999999999999997,0.0,0.5,-1,305.0,DSO,True,5.0,DSO_3,30.0,discrete,310.0,,,-1.0,all feasible discrete locations,False,6.211666666665565,NC3W_DSO_3_t6,tap,tso_boundary_q,Q_TSO_Z2_Z1_TN_line14
tap_m1_NC3W_DSO_3_t7,-1.0,coupler_oltc,30,False,-0.9999999999999996,-1.0,-0.9999999999999996,0.0,0.5,-1,305.0,DSO,True,5.0,DSO_3,30.0,discrete,310.0,,,-1.0,all feasible discrete locations,False,7.411666666664473,NC3W_DSO_3_t7,tap,tso_boundary_q,Q_TSO_Z1_Z2_TN_line2
tap_m1_NC3W_DSO_3_t8,-1.0,coupler_oltc,30,False,-0.9999999999999996,-1.0,-0.9999999999999996,0.0,0.5,-1,305.0,DSO,True,5.0,DSO_3,30.0,discrete,310.0,,,-1.0,all feasible discrete locations,False,6.211666666665565,NC3W_DSO_3_t8,tap,dso_interface_q,Q_DSO_NC3W_DSO_3_t8
tap_m1_NC3W_DSO_4_t10,-1.0,coupler_oltc,30,False,-0.9999999999999996,-1.0,-0.9999999999999996,0.0,0.5,-1,305.0,DSO,True,5.0,DSO_4,30.0,discrete,310.0,,,-1.0,all feasible discrete locations,False,6.611666666665201,NC3W_DSO_4_t10,tap,tso_boundary_q,Q_TSO_Z3_Z1_TN_line25
tap_m1_NC3W_DSO_4_t11,-1.0,coupler_oltc,30,False,-0.9999999999999996,-1.0,-0.9999999999999996,0.0,0.5,-1,305.0,DSO,True,5.0,DSO_4,30.0,discrete,310.0,,,-1.0,all feasible discrete locations,False,6.16166666666561,NC3W_DSO_4_t11,tap,tso_boundary_q,Q_TSO_Z2_Z1_TN_line14
tap_m1_NC3W_DSO_4_t9,-1.0,coupler_oltc,30,False,-0.9999999999999996,-1.0,-0.9999999999999996,0.0,0.5,-1,305.0,DSO,True,5.0,DSO_4,30.0,discrete,310.0,,,-1.0,all feasible discrete locations,False,6.111666666665656,NC3W_DSO_4_t9,tap,tso_boundary_q,Q_TSO_Z2_Z1_TN_line14
tap_p1_NC3W_DSO_1_t0,1.0,coupler_oltc,30,False,0.9999999999999997,1.0,0.9999999999999997,0.0,0.5,1,305.0,DSO,True,5.0,DSO_1,30.0,discrete,310.0,,,1.0,all feasible discrete locations,False,5.111666666666565,NC3W_DSO_1_t0,tap,dso_interface_q,Q_DSO_NC3W_DSO_1_t0
tap_p1_NC3W_DSO_1_t1,1.0,coupler_oltc,30,False,0.9999999999999997,1.0,0.9999999999999997,0.0,0.5,1,305.0,DSO,True,5.0,DSO_1,30.0,discrete,310.0,,,1.0,all feasible discrete locations,False,5.111666666666565,NC3W_DSO_1_t1,tap,dso_interface_q,Q_DSO_NC3W_DSO_1_t1
tap_p1_NC3W_DSO_1_t2,1.0,coupler_oltc,30,False,0.9999999999999996,1.0,0.9999999999999996,0.0,0.5,1,305.0,DSO,True,5.0,DSO_1,30.0,discrete,310.0,,,1.0,all feasible discrete locations,False,5.111666666666565,NC3W_DSO_1_t2,tap,dso_interface_q,Q_DSO_NC3W_DSO_1_t2
tap_p1_NC3W_DSO_2_t3,1.0,coupler_oltc,30,False,0.9999999999999997,1.0,0.9999999999999997,0.0,0.5,1,305.0,DSO,True,5.0,DSO_2,30.0,discrete,310.0,,,1.0,all feasible discrete locations,False,5.111666666666565,NC3W_DSO_2_t3,tap,dso_interface_q,Q_DSO_NC3W_DSO_2_t3
tap_p1_NC3W_DSO_2_t4,1.0,coupler_oltc,30,False,0.9999999999999996,1.0,0.9999999999999996,0.0,0.5,1,305.0,DSO,True,5.0,DSO_2,30.0,discrete,310.0,,,1.0,all feasible discrete locations,False,5.111666666666565,NC3W_DSO_2_t4,tap,dso_interface_q,Q_DSO_NC3W_DSO_2_t4
tap_p1_NC3W_DSO_2_t5,1.0,coupler_oltc,30,False,0.9999999999999997,1.0,0.9999999999999997,0.0,0.5,1,305.0,DSO,True,5.0,DSO_2,30.0,discrete,310.0,,,1.0,all feasible discrete locations,False,5.111666666666565,NC3W_DSO_2_t5,tap,dso_interface_q,Q_DSO_NC3W_DSO_2_t5
tap_p1_NC3W_DSO_3_t6,1.0,coupler_oltc,30,False,0.9999999999999997,1.0,0.9999999999999997,0.0,0.5,1,305.0,DSO,True,5.0,DSO_3,30.0,discrete,310.0,,,1.0,all feasible discrete locations,False,5.111666666666565,NC3W_DSO_3_t6,tap,dso_interface_q,Q_DSO_NC3W_DSO_3_t6
tap_p1_NC3W_DSO_3_t7,1.0,coupler_oltc,30,False,0.9999999999999996,1.0,0.9999999999999996,0.0,0.5,1,305.0,DSO,True,5.0,DSO_3,30.0,discrete,310.0,,,1.0,all feasible discrete locations,False,5.111666666666565,NC3W_DSO_3_t7,tap,dso_interface_q,Q_DSO_NC3W_DSO_3_t7
tap_p1_NC3W_DSO_3_t8,1.0,coupler_oltc,30,False,0.9999999999999996,1.0,0.9999999999999996,0.0,0.5,1,305.0,DSO,True,5.0,DSO_3,30.0,discrete,310.0,,,1.0,all feasible discrete locations,False,5.111666666666565,NC3W_DSO_3_t8,tap,dso_interface_q,Q_DSO_NC3W_DSO_3_t8
tap_p1_NC3W_DSO_4_t10,1.0,coupler_oltc,30,False,0.9999999999999996,1.0,0.9999999999999996,0.0,0.5,1,305.0,DSO,True,5.0,DSO_4,30.0,discrete,310.0,,,1.0,all feasible discrete locations,False,5.111666666666565,NC3W_DSO_4_t10,tap,dso_interface_q,Q_DSO_NC3W_DSO_4_t10
tap_p1_NC3W_DSO_4_t11,1.0,coupler_oltc,30,False,0.9999999999999996,1.0,0.9999999999999996,0.0,0.5,1,305.0,DSO,True,5.0,DSO_4,30.0,discrete,310.0,,,1.0,all feasible discrete locations,False,5.111666666666565,NC3W_DSO_4_t11,tap,dso_interface_q,Q_DSO_NC3W_DSO_4_t11
tap_p1_NC3W_DSO_4_t9,1.0,coupler_oltc,30,False,0.9999999999999996,1.0,0.9999999999999996,0.0,0.5,1,305.0,DSO,True,5.0,DSO_4,30.0,discrete,310.0,,,1.0,all feasible discrete locations,False,5.111666666666565,NC3W_DSO_4_t9,tap,dso_interface_q,Q_DSO_NC3W_DSO_4_t9
tap_m1_MT_g0_t0,-1.0,tso_oltc,30,False,-0.9999999999999996,-1.0,-0.9999999999999996,0.0,0.5,-1,305.0,TSO,True,5.0,Z1,30.0,discrete,310.0,,,-1.0,all feasible discrete locations,False,15.261666666657334,MT_g0_t0,tap,tso_boundary_q,Q_TSO_Z1_Z2_TN_line2
tap_m1_MT_g1_t2,-1.0,tso_oltc,30,False,-0.9999999999999996,-1.0,-0.9999999999999996,0.0,0.5,-1,305.0,TSO,True,5.0,Z2,30.0,discrete,310.0,,,-1.0,all feasible discrete locations,False,13.411666666659016,MT_g1_t2,tap,tso_boundary_q,Q_TSO_Z2_Z3_TN_line18
tap_m1_MT_g2_t6,-1.0,tso_oltc,30,False,-0.9999999999999997,-1.0,-0.9999999999999997,0.0,0.5,-1,305.0,TSO,True,5.0,Z3,30.0,discrete,310.0,,,-1.0,all feasible discrete locations,False,8.561666666663427,MT_g2_t6,tap,tso_boundary_q,Q_TSO_Z2_Z3_TN_line18
tap_m1_MT_g5_t11,-1.0,tso_oltc,30,False,-0.9999999999999996,-1.0,-0.9999999999999996,0.0,0.5,-1,305.0,TSO,True,5.0,Z3,30.0,discrete,310.0,,,-1.0,all feasible discrete locations,False,8.011666666663928,MT_g5_t11,tap,tso_boundary_q,Q_TSO_Z1_Z2_TN_line2
tap_m1_MT_g7_t10,-1.0,tso_oltc,30,False,-0.9999999999999997,-1.0,-0.9999999999999997,0.0,0.5,-1,305.0,TSO,True,5.0,Z1,30.0,discrete,310.0,,,-1.0,all feasible discrete locations,False,7.411666666664473,MT_g7_t10,tap,tso_boundary_q,Q_TSO_Z2_Z1_TN_line14
tap_m1_NT_t3,-1.0,tso_oltc,30,False,-0.9999999999999996,-1.0,-0.9999999999999996,0.0,0.5,-1,305.0,TSO,True,5.0,Z2,30.0,discrete,310.0,,,-1.0,all feasible discrete locations,False,5.061666666666611,NT_t3,tap,voltage,V_TN_bus11
tap_m1_NT_t4,-1.0,tso_oltc,30,False,-0.9999999999999996,-1.0,-0.9999999999999996,0.0,0.5,-1,305.0,TSO,True,5.0,Z2,30.0,discrete,310.0,,,-1.0,all feasible discrete locations,False,5.061666666666611,NT_t4,tap,voltage,V_TN_bus11
tap_p1_MT_g0_t0,1.0,tso_oltc,30,False,0.9999999999999997,1.0,0.9999999999999997,0.0,0.5,1,305.0,TSO,True,5.0,Z1,30.0,discrete,310.0,,,1.0,all feasible discrete locations,False,14.511666666658016,MT_g0_t0,tap,tso_boundary_q,Q_TSO_Z1_Z2_TN_line2
tap_p1_MT_g1_t2,1.0,tso_oltc,30,False,0.9999999999999996,1.0,0.9999999999999996,0.0,0.5,1,305.0,TSO,True,5.0,Z2,30.0,discrete,310.0,,,1.0,all feasible discrete locations,False,8.411666666663564,MT_g1_t2,tap,dso_interface_q,Q_DSO_NC3W_DSO_3_t7
tap_p1_MT_g2_t6,1.0,tso_oltc,30,False,0.9999999999999997,1.0,0.9999999999999997,0.0,0.5,1,305.0,TSO,True,5.0,Z3,30.0,discrete,310.0,,,1.0,all feasible discrete locations,False,8.2616666666637,MT_g2_t6,tap,voltage,V_TN_bus18
tap_p1_MT_g5_t11,1.0,tso_oltc,30,False,0.9999999999999996,1.0,0.9999999999999996,0.0,0.5,1,305.0,TSO,True,5.0,Z3,30.0,discrete,310.0,,,1.0,all feasible discrete locations,False,6.411666666665383,MT_g5_t11,tap,voltage,V_TN_bus35
tap_p1_MT_g7_t10,1.0,tso_oltc,30,False,0.9999999999999997,1.0,0.9999999999999997,0.0,0.5,1,305.0,TSO,True,5.0,Z1,30.0,discrete,310.0,,,1.0,all feasible discrete locations,False,7.26166666666461,MT_g7_t10,tap,voltage,V_TN_bus28
tap_p1_NT_t3,1.0,tso_oltc,30,False,0.9999999999999996,1.0,0.9999999999999996,0.0,0.5,1,305.0,TSO,True,5.0,Z2,30.0,discrete,310.0,,,1.0,all feasible discrete locations,False,5.061666666666611,NT_t3,tap,voltage,V_TN_bus11
tap_p1_NT_t4,1.0,tso_oltc,30,False,0.9999999999999996,1.0,0.9999999999999996,0.0,0.5,1,305.0,TSO,True,5.0,Z2,30.0,discrete,310.0,,,1.0,all feasible discrete locations,False,5.061666666666611,NT_t4,tap,voltage,V_TN_bus11
shunt_p1_SH_MSC_DSO_1_s0,1.0,shunt,30,False,1.0,1.0,1.0,0.0,0.5,1,305.0,TSO,True,0.0,Z2,30.0,discrete,305.0,,,1.0,all feasible discrete locations,False,0.02166666666664696,SH_MSC_DSO_1_s0,step,dso_interface_q,Q_DSO_NC3W_DSO_1_t0
shunt_p1_SH_MSC_DSO_2_s2,1.0,shunt,30,False,1.0,1.0,1.0,0.0,0.5,1,305.0,TSO,True,0.0,Z2,30.0,discrete,305.0,,,1.0,all feasible discrete locations,False,0.02166666666664696,SH_MSC_DSO_2_s2,step,dso_interface_q,Q_DSO_NC3W_DSO_2_t3
shunt_p1_SH_MSC_DSO_3_s4,1.0,shunt,30,False,1.0,1.0,1.0,0.0,0.5,1,305.0,TSO,True,0.0,Z2,30.0,discrete,305.0,,,1.0,all feasible discrete locations,False,0.8716666666658739,SH_MSC_DSO_3_s4,step,dso_interface_q,Q_DSO_NC3W_DSO_3_t7
shunt_p1_SH_MSC_DSO_4_s6,1.0,shunt,30,False,1.0,1.0,1.0,0.0,0.5,1,305.0,TSO,True,0.0,Z3,30.0,discrete,305.0,,,1.0,all feasible discrete locations,False,1.6716666666651463,SH_MSC_DSO_4_s6,step,tso_boundary_q,Q_TSO_Z3_Z1_TN_line25
shunt_p1_SH_MSR_DSO_1_s1,1.0,shunt,30,False,1.0,1.0,1.0,0.0,0.5,1,305.0,TSO,True,0.0,Z2,30.0,discrete,305.0,,,1.0,all feasible discrete locations,False,2.9216666666640094,SH_MSR_DSO_1_s1,step,voltage,V_TN_bus1
shunt_p1_SH_MSR_DSO_2_s3,1.0,shunt,30,False,1.0,1.0,1.0,0.0,0.5,1,305.0,TSO,True,0.0,Z2,30.0,discrete,305.0,,,1.0,all feasible discrete locations,False,2.871666666664055,SH_MSR_DSO_2_s3,step,tso_boundary_q,Q_TSO_Z1_Z2_TN_line2
shunt_p1_SH_MSR_DSO_3_s5,1.0,shunt,30,False,1.0,1.0,1.0,0.0,0.5,1,305.0,TSO,True,0.0,Z2,30.0,discrete,305.0,,,1.0,all feasible discrete locations,False,3.3716666666636,SH_MSR_DSO_3_s5,step,tso_boundary_q,Q_TSO_Z1_Z2_TN_line2
shunt_p1_SH_MSR_DSO_4_s7,1.0,shunt,30,False,1.0,1.0,1.0,0.0,0.5,1,305.0,TSO,True,0.0,Z3,30.0,discrete,305.0,,,1.0,all feasible discrete locations,False,2.971666666663964,SH_MSR_DSO_4_s7,step,voltage,V_TN_bus1
q_dso_der_q_p41Mvar_DER_DSO_4_s35_b108,41.0,dso_der_q,30,False,0.4099999999999999,0.41,0.33999067145289896,-0.07000932854710097,0.041,1,305.0,DSO,True,0.0,DSO_4,30.0,continuous,305.0,82.2206045717544,V_DSO_4_bus108,41.0,top 2 global in class/direction; top 1 in DSO_4,False,0.07166666666660149,DER_DSO_4_s35_b108,Mvar,voltage,V_DSO_4_bus108
q_dso_der_q_m33Mvar_DER_DSO_4_s35_b108,-33.0,dso_der_q,30,False,-0.33000000000000007,-0.33,-0.40000932854710103,-0.07000932854710097,0.033,-1,305.0,DSO,True,0.0,DSO_4,30.0,continuous,305.0,77.20537522872561,V_DSO_4_bus108,-33.0,top 2 global in class/direction; top 1 in DSO_4,False,1.6216666666651918,DER_DSO_4_s35_b108,Mvar,voltage,V_TN_bus28
q_dso_der_q_p28p7Mvar_DER_DSO_4_s34_b107,28.7,dso_der_q,30,False,0.41000000000000003,0.41,0.3578307886763529,-0.052169211323647144,0.041,1,305.0,DSO,True,0.0,DSO_4,30.0,continuous,305.0,54.101671707159184,V_DSO_4_bus107,28.7,top 2 global in class/direction,False,0.02166666666664696,DER_DSO_4_s34_b107,Mvar,voltage,V_DSO_4_bus107
q_dso_der_q_p41Mvar_DER_DSO_2_s15_b68,41.0,dso_der_q,30,False,0.41,0.41,0.3738012919112991,-0.036198708088700834,0.041,1,305.0,DSO,True,0.0,DSO_2,30.0,continuous,305.0,52.437449842093194,V_DSO_2_bus68,41.0,top 1 in DSO_2,False,0.02166666666664696,DER_DSO_2_s15_b68,Mvar,voltage,V_DSO_2_bus68
q_dso_der_q_m23p1Mvar_DER_DSO_4_s34_b107,-23.1,dso_der_q,30,False,-0.33,-0.33,-0.3821692113236472,-0.052169211323647144,0.033,-1,305.0,DSO,True,0.0,DSO_4,30.0,continuous,305.0,48.10963843450722,V_DSO_4_bus107,-23.1,top 2 global in class/direction,False,1.1216666666656465,DER_DSO_4_s34_b107,Mvar,tso_boundary_q,Q_TSO_Z2_Z1_TN_line14
q_dso_der_q_m33Mvar_DER_DSO_2_s15_b68,-33.0,dso_der_q,30,False,-0.33,-0.33,-0.36619870808870086,-0.036198708088700834,0.033,-1,305.0,DSO,True,0.0,DSO_2,30.0,continuous,305.0,46.477230370395084,V_DSO_2_bus68,-33.0,top 1 in DSO_2,False,2.4716666666644187,DER_DSO_2_s15_b68,Mvar,tso_boundary_q,Q_TSO_Z1_Z2_TN_line2
q_dso_der_q_p41Mvar_DER_DSO_1_s5_b48,41.0,dso_der_q,30,False,0.4099999999999999,0.41,0.39630419656169563,-0.013695803438304299,0.041,1,305.0,DSO,True,0.0,DSO_1,30.0,continuous,305.0,36.75278980743579,V_DSO_1_bus48,41.0,top 1 in DSO_1,False,0.02166666666664696,DER_DSO_1_s5_b48,Mvar,voltage,V_DSO_1_bus48
q_dso_der_q_m33Mvar_DER_DSO_1_s5_b48,-33.0,dso_der_q,30,False,-0.32999999999999996,-0.33,-0.34369580343830425,-0.013695803438304299,0.033,-1,305.0,DSO,True,0.0,DSO_1,30.0,continuous,305.0,31.623117803092793,V_DSO_1_bus48,-33.0,top 1 in DSO_1,False,2.5716666666643277,DER_DSO_1_s5_b48,Mvar,tso_boundary_q,Q_TSO_Z1_Z2_TN_line2
avr_p0p02pu_G10,0.02,avr_vref,30,False,0.019999999999999796,0.02,1.049999971892081,1.0299999718920811,0.002,1,305.0,TSO,True,0.0,Z1,30.0,continuous,305.0,25.93624325854933,Q_TSO_Z1_Z2_TN_line2,0.02,top 2 global in class/direction; top 1 in Z1,False,17.17166666665105,G 10,pu,tso_boundary_q,Q_TSO_Z1_Z2_TN_line2
avr_m0p02pu_G10,-0.02,avr_vref,30,False,-0.020000000000000462,-0.02,1.0099999718920807,1.0299999718920811,0.002,-1,305.0,TSO,True,0.0,Z1,30.0,continuous,305.0,25.417496943347647,Q_TSO_Z1_Z2_TN_line2,-0.02,top 2 global in class/direction; top 1 in Z1,False,15.721666666652368,G 10,pu,tso_boundary_q,Q_TSO_Z2_Z1_TN_line14
q_dso_der_q_p28p7Mvar_WPC_DSO_2_s21_b63,28.7,dso_der_q,30,False,0.41,0.41,0.44219139628425397,0.03219139628425398,0.041,1,305.0,DSO,True,0.0,DSO_2,30.0,continuous,305.0,22.951967898606952,Q_DSO_NC3W_DSO_2_t3,28.7,median QSS audit,False,0.02166666666664696,WPC_DSO_2_s21_b63,Mvar,voltage,V_DSO_2_bus63
q_dso_der_q_p41Mvar_DER_DSO_3_s25_b88,82.0,dso_der_q,30,False,0.41000000000000003,0.41,0.4100000012406289,1.2406288796285025e-09,0.041,1,305.0,DSO,True,0.0,DSO_3,30.0,continuous,305.0,21.85553883934177,V_DSO_3_bus88,41.0,top 1 in DSO_3,False,0.07166666666660149,DER_DSO_3_s25_b88,Mvar,dso_interface_q,Q_DSO_NC3W_DSO_3_t8
q_dso_der_q_m23p1Mvar_WPC_DSO_2_s21_b63,-23.1,dso_der_q,30,False,-0.33000000000000007,-0.33,-0.2978086037157461,0.03219139628425398,0.033,-1,305.0,DSO,True,0.0,DSO_2,30.0,continuous,305.0,18.766730683516187,Q_DSO_NC3W_DSO_2_t3,-23.1,median QSS audit,False,2.771666666664146,WPC_DSO_2_s21_b63,Mvar,tso_boundary_q,Q_TSO_Z1_Z2_TN_line2
q_dso_der_q_m33Mvar_DER_DSO_3_s25_b88,-66.0,dso_der_q,30,False,-0.33,-0.33,-0.32999999875937114,1.2406288796285025e-09,0.033,-1,305.0,DSO,True,0.0,DSO_3,30.0,continuous,305.0,18.28928495522497,V_DSO_3_bus88,-33.0,top 1 in DSO_3,False,3.471666666663509,DER_DSO_3_s25_b88,Mvar,tso_boundary_q,Q_TSO_Z1_Z2_TN_line2
avr_p0p02pu_G03,0.02,avr_vref,30,False,0.019999999999999796,0.02,1.0499999719548831,1.0299999719548834,0.002,1,305.0,TSO,True,0.0,Z2,30.0,continuous,305.0,16.33902980932238,Q_TSO_Z2_Z3_TN_line18,0.02,top 2 global in class/direction; top 1 in Z2,False,6.821666666660462,G 03,pu,dso_interface_q,Q_DSO_NC3W_DSO_3_t7
avr_m0p02pu_G03,-0.02,avr_vref,30,False,-0.020000000000000018,-0.02,1.0099999719548833,1.0299999719548834,0.002,-1,305.0,TSO,True,0.0,Z2,30.0,continuous,305.0,16.09158320039953,Q_TSO_Z2_Z3_TN_line18,-0.02,top 2 global in class/direction; top 1 in Z2,False,8.371666666659053,G 03,pu,tso_boundary_q,Q_TSO_Z2_Z3_TN_line18
avr_m0p02pu_G07,-0.02,avr_vref,30,False,-0.019999999999999796,-0.02,1.0099999762998204,1.0299999762998202,0.002,-1,305.0,TSO,True,0.0,Z3,30.0,continuous,305.0,15.986121873516002,V_TN_bus35,-0.02,top 1 in Z3; median QSS audit,False,4.121666666662918,G 07,pu,tso_boundary_q,Q_TSO_Z1_Z2_TN_line2
avr_p0p02pu_G07,0.02,avr_vref,30,False,0.020000000000000462,0.02,1.0499999762998207,1.0299999762998202,0.002,1,305.0,TSO,True,0.0,Z3,30.0,continuous,305.0,15.963552023037453,V_TN_bus35,0.02,top 1 in Z3; median QSS audit,False,1.7216666666651008,G 07,pu,voltage,V_TN_bus18
q_tso_der_q_m60Mvar_WP_TSO_s1_b21,-60.0,tso_der_q,30,False,-0.09230769230769231,-0.09230769230769231,-0.05712420891939938,0.035183483388292934,0.009230769230769232,-1,305.0,TSO,True,0.0,Z3,30.0,continuous,305.0,12.943250483169022,V_TN_bus21,-60.0,top 2 global in class/direction; top 1 in Z3,False,6.471666666660781,WP_TSO_s1_b21,Mvar,tso_boundary_q,Q_TSO_Z1_Z2_TN_line2
q_tso_der_q_m60Mvar_WP_TSO_s3_b5,-60.0,tso_der_q,30,False,-0.11999999999999998,-0.12,-0.08255360361837885,0.03744639638162113,0.012,-1,305.0,TSO,True,0.0,Z2,30.0,continuous,305.0,12.794571554903218,Q_TSO_Z2_Z1_TN_line14,-60.0,top 2 global in class/direction; top 1 in Z2; median QSS audit,False,9.22166666665828,WP_TSO_s3_b5,Mvar,tso_boundary_q,Q_TSO_Z2_Z1_TN_line14
q_tso_der_q_p60Mvar_WP_TSO_s3_b5,60.0,tso_der_q,30,False,0.11999999999999995,0.12,0.15744639638162108,0.03744639638162113,0.012,1,305.0,TSO,True,0.0,Z2,30.0,continuous,305.0,12.651398006553059,Q_TSO_Z2_Z1_TN_line14,60.0,top 2 global in class/direction; top 1 in Z2,False,2.9216666666640094,WP_TSO_s3_b5,Mvar,tso_boundary_q,Q_TSO_Z1_Z2_TN_line2
q_tso_der_q_p60Mvar_WP_TSO_s1_b21,60.0,tso_der_q,30,False,0.09230769230769234,0.09230769230769231,0.12749117569598528,0.035183483388292934,0.009230769230769232,1,305.0,TSO,True,0.0,Z3,30.0,continuous,305.0,12.60864258912675,V_TN_bus21,60.0,top 2 global in class/direction; top 1 in Z3; median QSS audit,False,1.6716666666651463,WP_TSO_s1_b21,Mvar,tso_boundary_q,Q_TSO_Z3_Z1_TN_line25
q_tso_der_q_m60Mvar_WP_TSO_s2_b24,-60.0,tso_der_q,30,False,-0.11111111111111108,-0.1111111111111111,-0.16788741589025197,-0.05677630477914088,0.011111111111111112,-1,305.0,TSO,True,0.0,Z1,30.0,continuous,305.0,10.411094442757268,Q_TSO_Z1_Z2_TN_line2,-60.0,top 1 in Z1,False,9.371666666658143,WP_TSO_s2_b24,Mvar,tso_boundary_q,Q_TSO_Z2_Z1_TN_line14
q_tso_der_q_p60Mvar_WP_TSO_s2_b24,60.0,tso_der_q,30,False,0.11111111111111109,0.1111111111111111,0.05433480633197021,-0.05677630477914088,0.011111111111111112,1,305.0,TSO,True,0.0,Z1,30.0,continuous,305.0,10.338788910488162,Q_TSO_Z1_Z2_TN_line2,60.0,top 1 in Z1,False,8.321666666659098,WP_TSO_s2_b24,Mvar,tso_boundary_q,Q_TSO_Z1_Z2_TN_line2
