window,dso,trafo,direction,status,n_inner_f20,n_inner_f10,delta_n_inner_f10_minus_f20,censored_f20,censored_f10,final_delta_mvar_f20,final_delta_mvar_f10,residual_mvar_f20,residual_mvar_f10,v_min_pu_f20,v_min_pu_f10,v_max_pu_f20,v_max_pu_f10,step_mvar_f20,step_mvar_f10,headroom_end_mvar_f20,headroom_end_mvar_f10,tap_moves_f20,tap_moves_f10,command_delivery_error_mvar_f20,command_delivery_error_mvar_f10
d_gen_trip_spring,DSO_4,DSO_4|trafo_10,down,still_censored,46,46,0,True,True,5.779449425346729,5.728999402921479,2.950824827633563,2.9181769158096795,1.022931283409478,1.0230013021482804,1.048709649507854,1.0496288087250527,-10.0,-10.0,146.4618578642243,146.39874818017032,0,0,0.0,0.0
d_gen_trip_spring,DSO_4,DSO_4|trafo_11,up,still_censored,46,46,0,True,True,4.274905593419165,4.224282003903674,2.290400353405854,2.189875927173114,1.0151265174407162,1.015191077962513,1.0393611597155643,1.0398823217158475,10.0,10.0,75.20434093116762,75.14546296136326,0,0,0.0,0.0
d_gen_trip_spring,DSO_4,DSO_4|trafo_9,up,still_censored,46,46,0,True,True,1.2778939577870323,1.264963153521169,0.582401293008191,0.6048396308292112,1.0167554322294017,1.016800049140586,1.0437430974635655,1.0450982307061822,10.0,10.0,26.377808460155745,26.34715694354561,0,0,0.0,0.0
d_gen_trip_summer,DSO_4,DSO_4|trafo_10,up,rescued,46,30,-16,True,False,3.3841797009459063,0.5531430342035053,1.7069516101876978,0.2355743185692791,1.0159002879421355,1.016201207013776,1.0367953187539145,1.0395599809486713,10.0,10.0,114.96788640595788,113.57308166781878,0,0,0.0,0.0
d_gen_trip_summer,DSO_4,DSO_4|trafo_11,down,rescued,46,18,-28,True,False,1.0483536749636606,0.1681342357416859,0.5775087198241202,0.1425849032634083,1.020743606562436,1.0208698899174633,1.050850113484348,1.054065127669647,-10.0,-10.0,88.83018690868248,88.38894964159132,0,0,0.0,0.0
d_gen_trip_summer,DSO_4,DSO_4|trafo_9,down,both_converged,2,2,0,False,False,0.1706789650618958,0.0294707927121002,0.0394273769529309,0.0188373211809267,1.0216115281852645,1.021955826369758,1.044426535123521,1.0476106495364668,-10.0,-10.0,31.182295563671907,31.138893290878528,0,0,0.0,0.0
d_gen_trip_winter,DSO_4,DSO_4|trafo_10,down,both_converged,0,1,1,False,False,0.003684333335201,0.0016590714179685,0.7909059952570701,0.3547114186494653,1.030021101416298,1.030057198013043,1.0589477066899742,1.0610713159216818,-10.0,-10.0,39.34527440078455,38.7952306692034,0,0,0.0,0.0
d_gen_trip_winter,DSO_4,DSO_4|trafo_11,up,both_converged,1,1,0,False,False,0.000756461772891,0.0003232334887499,0.1101271247878656,0.0849309297349591,1.027989244331004,1.0280593841485297,1.0418891918173172,1.0449090346108023,10.0,10.0,29.241587916883308,29.331926945371908,0,0,0.0,0.0
d_gen_trip_winter,DSO_4,DSO_4|trafo_9,up,both_converged,2,2,0,False,False,9.727665550718356e-05,4.085183277435789e-05,0.0015294068778048,0.0025182751885393,1.0240753476117528,1.024126037794748,1.044418516693466,1.0475319933201306,10.0,10.0,8.66937241584736,8.663506216611761,0,0,0.0,0.0
d_quiet_spring,DSO_4,DSO_4|trafo_10,up,still_censored,46,46,0,True,True,5.42264985100775,1.9613429678836187,2.7392666277147484,0.9228758931330568,1.0147352480848824,1.0157137980617488,1.038830762752461,1.0411115127159998,10.0,10.0,112.97366068091456,111.5004701046784,0,0,0.0,0.0
d_quiet_spring,DSO_4,DSO_4|trafo_11,down,rescued,46,26,-20,True,False,3.7613463634002233,0.5298987271781481,1.899235392530949,0.3104823310655433,1.0196660779207904,1.0205166063050757,1.0526117790999892,1.055534134843007,-10.0,-10.0,95.69691404017804,93.90843955956451,0,0,0.0,0.0
d_quiet_spring,DSO_4,DSO_4|trafo_9,down,both_converged,2,2,0,False,False,0.386735132821423,0.0978805476033084,0.1422659620884534,0.0124624923392975,1.0209301125591408,1.021516256254596,1.043705595304201,1.0482606761377522,-10.0,-10.0,32.56158244386455,32.38165306241356,0,0,0.0,0.0
d_ramp_down_spring,DSO_4,DSO_4|trafo_10,down,both_converged,1,1,0,False,False,0.0202163158392636,0.0262429597258346,0.2935581990928781,0.2213336299291839,1.0214709190353843,1.0216473247078055,1.0584411747979745,1.0614851097663054,-10.0,-10.0,34.06649495047813,34.00885352549855,0,0,0.0,0.0
d_ramp_down_spring,DSO_4,DSO_4|trafo_11,up,both_converged,2,2,0,False,False,0.0026035503825987,0.0024112812926553,0.0235400749159566,0.0283866880741996,1.0189145027638566,1.0189796882048838,1.0407060780055402,1.0435622444665007,10.0,10.0,34.09562682249387,34.16203534217296,0,0,0.0,0.0
d_ramp_down_spring,DSO_4,DSO_4|trafo_9,up,both_converged,0,0,0,False,False,0.0238503400499077,0.0238766015871156,4.945156694109716,5.036424768134515,1.0199117686806365,1.0200144210821678,1.049429274472687,1.0518714695764113,7.027283670666734,7.104958508943256,8.222946524488737,8.317612797621067,0,0,0.0,0.0
d_ramp_down_summer,DSO_4,DSO_4|trafo_10,up,still_censored,46,46,0,True,True,5.94627887860533,5.911226524551504,2.9841693454509013,2.9444025514723595,1.013443265914569,1.013479014795657,1.044458658585107,1.0465847103236126,10.0,10.000000000000002,110.52539396766664,110.50148910301488,0,0,0.0,0.0
d_ramp_down_summer,DSO_4,DSO_4|trafo_11,down,still_censored,46,46,0,True,True,4.334207132526094,4.283337715045956,2.2712733839196027,2.196015999431673,1.0204167408800875,1.0204819339000544,1.0550966635616277,1.0585868093207422,-10.0,-10.0,107.29784204649664,107.18844692785568,0,0,0.0,0.0
d_ramp_down_summer,DSO_4,DSO_4|trafo_9,down,still_censored,46,46,0,True,True,1.2974345913364855,1.2848467330615954,0.7045589870874016,0.6936177287359317,1.0201851265215345,1.020285988979268,1.0482412753991668,1.051104822228798,-10.0,-10.0,35.915222592369304,35.95293425677992,0,0,0.0,0.0
d_ramp_up_autumn,DSO_4,DSO_4|trafo_10,up,both_converged,1,1,0,False,False,0.0018551325271101,0.0016405145434905,0.0202697426829949,0.0587418949787572,1.0197219006317215,1.0197321170951057,1.0299087972440075,1.030773959679923,10.0,10.0,43.483115424264014,43.4849335636132,0,0,0.0,0.0
d_ramp_up_autumn,DSO_4,DSO_4|trafo_11,down,both_converged,2,2,0,False,False,0.0001323389840806,0.0011901269656391,0.2142286475083139,0.0974760584018099,1.0221184502488627,1.0221474306056395,1.048920848126505,1.051086535151522,-10.0,-10.0,19.71578545779999,19.583369677970893,0,0,0.0,0.0
d_ramp_up_autumn,DSO_4,DSO_4|trafo_9,down,both_converged,0,0,0,False,False,0.0223436280323232,0.0230530620313249,5.158642979825234,5.080027090069378,1.0213198835634267,1.021349188852895,1.0403297394722093,1.0430296767048717,-6.037657433933062,-6.000422343985436,6.8142603931265375,6.734049770004151,0,0,0.0,0.0
d_ramp_up_spring,DSO_4,DSO_4|trafo_10,down,both_converged,24,14,-10,False,False,0.2599947837698977,0.038233715797979,0.1873783585058923,0.0626618841142132,1.0224400892673953,1.0226545585548286,1.053007920057329,1.056062351756281,-10.0,-10.000000000000002,119.13185983272751,118.99638100925958,0,0,0.0,0.0
d_ramp_up_spring,DSO_4,DSO_4|trafo_11,up,both_converged,31,15,-16,False,False,0.52427115148783,0.0776410620754468,0.4143690279941019,0.1146797940309936,1.0140077395711329,1.0143861296141454,1.0416552399572816,1.04467556163076,10.0,10.0,87.54308018427366,87.22918345026602,0,0,0.0,0.0
d_ramp_up_spring,DSO_4,DSO_4|trafo_9,up,both_converged,4,2,-2,False,False,0.0448065604035585,0.0053385805116938,0.0576538398578359,0.005080895243716,1.0171090420402662,1.0171845335063314,1.0416961243804392,1.0446594454101348,10.0,10.0,35.86290003348714,35.78688528151797,0,0,0.0,0.0
d_reversal_autumn,DSO_4,DSO_4|trafo_10,down,both_converged,1,1,0,False,False,0.001580506407933,0.0001120223104003,0.3357810238816583,0.2837091398998375,1.0235224210707805,1.0235653173468402,1.0540933441008409,1.0562168423074616,-10.0,-10.0,46.72832812860559,46.63314436314639,0,0,0.0,0.0
d_reversal_autumn,DSO_4,DSO_4|trafo_11,up,both_converged,2,2,0,False,False,0.0012519717806931,0.0014832847472376,0.3681727836360284,0.2392198273492489,1.0165288975763025,1.0163391652493587,1.0363454342825336,1.0381540791220023,10.0,10.0,15.908383782822169,15.807656564233463,0,0,0.0,0.0
d_reversal_autumn,DSO_4,DSO_4|trafo_9,up,both_converged,0,0,0,False,False,0.0171866776463485,0.0165653483620555,6.656446099772669,6.707304175196223,1.0220586375988276,1.0221016766012812,1.0411207983847668,1.0429038998443356,6.104591980446063,6.155943897375071,5.696247279441871,5.747166264030216,0,0,0.0,0.0
d_reversal_spring,DSO_4,DSO_4|trafo_10,up,rescued,46,44,-2,True,False,5.655442590604533,0.9988105860969608,2.8655785689365825,0.5137873726506363,1.0183700603274215,1.0187765825648132,1.041377442054648,1.0431093552385409,10.0,10.0,116.04857104490036,113.67432262424876,0,0,0.0,0.0
d_reversal_spring,DSO_4,DSO_4|trafo_11,down,rescued,46,24,-22,True,False,2.038685271447376,0.3164957359749216,1.1234270673248972,0.2324891092464227,1.0233332279452556,1.0234813638312317,1.0529923829137062,1.0568831227102289,-10.0,-10.0,88.7494435860985,87.88694688194583,0,0,0.0,0.0
d_reversal_spring,DSO_4,DSO_4|trafo_9,down,both_converged,4,2,-2,False,False,0.3767065809391248,0.0637197892340122,0.2145533594775788,0.060216164504002,1.0232944189253277,1.0237682197175029,1.0455843740895792,1.0496257497707755,-10.0,-10.0,31.597139029073805,31.46304044111252,0,0,0.0,0.0
